,HYSRI FP Equity_DX_SI_QTY,HYSRI FP Equity_DX_SHORT_INTEREST_VALUE,HYSRI FP Equity_DX_SHORT_INT_RATIO_DAYS_TO_COVER,HYSRI FP Equity_DX_SHORT_INTEREST_PCT_SHARES_OUT,HYSRI FP Equity_DX_SI_MV,HYSRI FP Equity_DX_BROKER_SHORT_INTEREST_VALUE,HYSRI FP Equity_DX_SUPPLY_SI_QTY,HYSRI FP Equity_DX_BROKER_SI_QTY,HYSRI FP Equity_DX_SUPPLY_SIDE_SHORT_INT_VAL,HYSRI FP Equity_DX_SUPPLY_SI_QTY_INC_x,HYSRI FP Equity_DX_BROKER_SI_MV_INC_x,HYSRI FP Equity_DX_BROKER_SI_QTY_ADD,HYSRI FP Equity_DX_SUPPLY_SI_MV_DEC,HYSRI FP Equity_DX_BROKER_SI_QTY_INC,HYSRI FP Equity_DX_SUPPLY_SI_QTY_DEC,HYSRI FP Equity_DX_BROKER_SI_MV_INC_y,HYSRI FP Equity_DX_SUPPLY_SI_QTY_INC_y,HYSRI FP Equity_DX_BROKER_SI_MV_ADD,HYSRI FP Equity_DX_SUPPLY_SI_QTY_ADD,HYSRI FP Equity_DX_BROKER_SI_QTY_DEC,HYSRI FP Equity_DX_SUPPLY_SI_MV,HYSRI FP Equity_DX_BROKER_SI_MV_DEC,HYSRI FP Equity_DX_ACTIVE_UTILIZATION_QUANTITY,HYSRI FP Equity_DX_UTILIZATION_QUANTITY,HYSRI FP Equity_DX_ACTIVE_AVAIL_SUPPLY_QTY,HYSRI FP Equity_DX_ACTIVE_AVAILABILITY_VALUE,HYSRI FP Equity_DX_ACTIVE_AVAIL_SUPPLY_MV,HYSRI FP Equity_DX_ACTIVE_UTILIZATION_MV,HYSRI FP Equity_DX_BROKER_SI_MARKET_SHARE_2,HYSRI FP Equity_DX_BROKER_SI_CON_RATIO,HYSRI FP Equity_DX_BROKER_SI_MARKET_SHARE_1,HYSRI FP Equity_DX_DEMAND_SUPPLY_RATIO,HYSRI FP Equity_PX_LAST
2021-03-25,,,,,,,,,,,,,,,,,,,,,,,,,,,,,,,,,9.988
2021-03-26,,,,,,,,,,,,,,,,,,,,,,,,,,,,,,,,,9.998
2021-03-29,,,,,,,,,,,,,,,,,,,,,,,,,,,,,,,,,10.004
2021-03-30,,,,,,,,,,,,,,,,,,,,,,,,,,,,,,,,,9.991
2021-03-31,,,,,,,,,,,,,,,,,,,,,,,,,,,,,,,,,10.006
2021-04-01,,,,,,,,,,,,,,,,,,,,,,,,,,,,,,,,,10.034
2021-04-06,,,,,,,,,,,,,,,,,,,,,,,,,,,,,,,,,10.042
2021-04-07,,,,,,,,,,,,,,,,,,,,,,,,,,,,,,,,,10.046
2021-04-08,,,,,,,,,,,,,,,,,,,,,,,,,,,,,,,,,10.044
2021-04-09,,,,,,,,,,,,,,,,,,,,,,,,,,,,,,,,,10.04
2021-04-12,,,,,,,,,,,,,,,,,,,,,,,,,,,,,,,,,10.042
2021-04-13,,,,,,,,,,,,,,,,,,,,,,,,,,,,,,,,,10.03
2021-04-14,,,,,,,,,,,,,,,,,,,,,,,,,,,,,,,,,10.038
2021-04-15,,,,,,,,,,,,,,,,,,,,,,,,,,,,,,,,,10.054
2021-04-16,,,,,,,,,,,,,,,,,,,,,,,,,,,,,,,,,10.066
2021-04-19,,,,,,,,,,,,,,,,,,,,,,,,,,,,,,,,,10.056
2021-04-20,,,,,,,,,,,,,,,,,,,,,,,,,,,,,,,,,10.036
2021-04-21,,,,,,,,,,,,,,,,,,,,,,,,,,,,,,,,,10.054
2021-04-22,,,,,,,,,,,,,,,,,,,,,,,,,,,,,,,,,10.064
2021-04-23,,,,,,,,,,,,,,,,,,,,,,,,,,,,,,,,,10.058
2021-04-26,,,,,,,,,,,,,,,,,,,,,,,,,,,,,,,,,10.058
2021-04-27,,,,,,,,,,,,,,,,,,,,,,,,,,,,,,,,,10.062
2021-04-28,,,,,,,,,,,,,,,,,,,,,,,,,,,,,,,,,10.064
2021-04-29,,,,,,,,,,,,,,,,,,,,,,,,,,,,,,,,,10.066
2021-04-30,,,,,,,,,,,,,,,,,,,,,,,,,,,,,,,,,10.066
2021-05-03,,,,,,,,,,,,,,,,,,,,,,,,,,,,,,,,,10.082
2021-05-04,,,,,,,,,,,,,,,,,,,,,,,,,,,,,,,,,10.06
2021-05-05,,,,,,,,,,,,,,,,,,,,,,,,,,,,,,,,,10.072
2021-05-06,,,,,,,,,,,,,,,,,,,,,,,,,,,,,,,,,10.09
2021-05-07,,,,,,,,,,,,,,,,,,,,,,,,,,,,,,,,,10.092
2021-05-10,,,,,,,,,,,,,,,,,,,,,,,,,,,,,,,,,10.098
2021-05-11,,,,,,,,,,,,,,,,,,,,,,,,,,,,,,,,,10.07
2021-05-12,,,,,,,,,,,,,,,,,,,,,,,,,,,,,,,,,10.068
2021-05-13,,,,,,,,,,,,,,,,,,,,,,,,,,,,,,,,,10.042
2021-05-14,,,,,,,,,,,,,,,,,,,,,,,,,,,,,,,,,10.054
2021-05-17,,,,,,,,,,,,,,,,,,,,,,,,,,,,,,,,,10.044
2021-05-18,,,,,,,,,,,,,,,,,,,,,,,,,,,,,,,,,10.052
2021-05-19,,,,,,,,,,,,,,,,,,,,,,,,,,,,,,,,,10.032
2021-05-20,,,,,,,,,,,,,,,,,,,,,,,,,,,,,,,,,10.04
2021-05-21,,,,,,,,,,,,,,,,,,,,,,,,,,,,,,,,,10.048
2021-05-24,,,,,,,,,,,,,,,,,,,,,,,,,,,,,,,,,10.044
2021-05-25,,,,,,,,,,,,,,,,,,,,,,,,,,,,,,,,,10.052
2021-05-26,,,,,,,,,,,,,,,,,,,,,,,,,,,,,,,,,10.066
2021-05-27,,,,,,,,,,,,,,,,,,,,,,,,,,,,,,,,,10.076
2021-05-28,,,,,,,,,,,,,,,,,,,,,,,,,,,,,,,,,10.08
2021-05-31,,,,,,,,,,,,,,,,,,,,,,,,,,,,,,,,,10.082
2021-06-01,,,,,,,,,,,,,,,,,,,,,,,,,,,,,,,,,10.09
2021-06-02,,,,,,,,,,,,,,,,,,,,,,,,,,,,,,,,,10.094
2021-06-03,,,,,,,,,,,,,,,,,,,,,,,,,,,,,,,,,10.11
2021-06-04,,,,,,,,,,,,,,,,,,,,,,,,,,,,,,,,,10.118
2021-06-07,,,,,,,,,,,,,,,,,,,,,,,,,,,,,,,,,10.124
2021-06-08,,,,,,,,,,,,,,,,,,,,,,,,,,,,,,,,,10.13
2021-06-09,,,,,,,,,,,,,,,,,,,,,,,,,,,,,,,,,10.144
2021-06-10,,,,,,,,,,,,,,,,,,,,,,,,,,,,,,,,,10.15
2021-06-11,,,,,,,,,,,,,,,,,,,,,,,,,,,,,,,,,10.156
2021-06-14,,,,,,,,,,,,,,,,,,,,,,,,,,,,,,,,,10.152
2021-06-15,,,,,,,,,,,,,,,,,,,,,,,,,,,,,,,,,10.144
2021-06-16,,,,,,,,,,,,,,,,,,,,,,,,,,,,,,,,,10.142
2021-06-17,,,,,,,,,,,,,,,,,,,,,,,,,,,,,,,,,10.128
2021-06-18,,,,,,,,,,,,,,,,,,,,,,,,,,,,,,,,,10.126
2021-06-21,,,,,,,,,,,,,,,,,,,,,,,,,,,,,,,,,10.126
2021-06-22,,,,,,,,,,,,,,,,,,,,,,,,,,,,,,,,,10.124
2021-06-23,,,,,,,,,,,,,,,,,,,,,,,,,,,,,,,,,10.132
2021-06-24,,,,,,,,,,,,,,,,,,,,,,,,,,,,,,,,,10.132
2021-06-25,,,,,,,,,,,,,,,,,,,,,,,,,,,,,,,,,10.134
2021-06-28,,,,,,,,,,,,,,,,,,,,,,,,,,,,,,,,,10.134
2021-06-29,,,,,,,,,,,,,,,,,,,,,,,,,,,,,,,,,10.132
2021-06-30,,,,,,,,,,,,,,,,,,,,,,,,,,,,,,,,,10.126
2021-07-01,,,,,,,,,,,,,,,,,,,,,,,,,,,,,,,,,10.132
2021-07-02,,,,,,,,,,,,,,,,,,,,,,,,,,,,,,,,,10.138
2021-07-05,,,,,,,,,,,,,,,,,,,,,,,,,,,,,,,,,10.132
2021-07-06,,,,,,,,,,,,,,,,,,,,,,,,,,,,,,,,,10.136
2021-07-07,,,,,,,,,,,,,,,,,,,,,,,,,,,,,,,,,10.152
2021-07-08,,,,,,,,,,,,,,,,,,,,,,,,,,,,,,,,,10.134
2021-07-09,,,,,,,,,,,,,,,,,,,,,,,,,,,,,,,,,10.144
2021-07-12,,,,,,,,,,,,,,,,,,,,,,,,,,,,,,,,,10.146
2021-07-13,,,,,,,,,,,,,,,,,,,,,,,,,,,,,,,,,10.142
2021-07-14,,,,,,,,,,,,,,,,,,,,,,,,,,,,,,,,,10.142
2021-07-15,,,,,,,,,,,,,,,,,,,,,,,,,,,,,,,,,10.142
2021-07-16,,,,,,,,,,,,,,,,,,,,,,,,,,,,,,,,,10.156
2021-07-19,,,,,,,,,,,,,,,,,,,,,,,,,,,,,,,,,10.134
2021-07-20,,,,,,,,,,,,,,,,,,,,,,,,,,,,,,,,,10.138
2021-07-21,,,,,,,,,,,,,,,,,,,,,,,,,,,,,,,,,10.148
2021-07-22,,,,,,,,,,,,,,,,,,,,,,,,,,,,,,,,,10.164
2021-07-23,,,,,,,,,,,,,,,,,,,,,,,,,,,,,,,,,10.172
2021-07-26,,,,,,,,,,,,,,,,,,,,,,,,,,,,,,,,,10.162
2021-07-27,,,,,,,,,,,,,,,,,,,,,,,,,,,,,,,,,10.164
2021-07-28,,,,,,,,,,,,,,,,,,,,,,,,,,,,,,,,,10.174
2021-07-29,,,,,,,,,,,,,,,,,,,,,,,,,,,,,,,,,10.178
2021-07-30,,,,,,,,,,,,,,,,,,,,,,,,,,,,,,,,,10.184
2021-08-02,,,,,,,,,,,,,,,,,,,,,,,,,,,,,,,,,10.18
2021-08-03,,,,,,,,,,,,,,,,,,,,,,,,,,,,,,,,,10.192
2021-08-04,,,,,,,,,,,,,,,,,,,,,,,,,,,,,,,,,10.194
2021-08-05,,,,,,,,,,,,,,,,,,,,,,,,,,,,,,,,,10.2
2021-08-06,,,,,,,,,,,,,,,,,,,,,,,,,,,,,,,,,10.208
2021-08-09,,,,,,,,,,,,,,,,,,,,,,,,,,,,,,,,,10.202
2021-08-10,,,,,,,,,,,,,,,,,,,,,,,,,,,,,,,,,10.198
2021-08-11,,,,,,,,,,,,,,,,,,,,,,,,,,,,,,,,,10.194
2021-08-12,,,,,,,,,,,,,,,,,,,,,,,,,,,,,,,,,10.192
2021-08-13,,,,,,,,,,,,,,,,,,,,,,,,,,,,,,,,,10.196
2021-08-16,,,,,,,,,,,,,,,,,,,,,,,,,,,,,,,,,10.196
2021-08-17,,,,,,,,,,,,,,,,,,,,,,,,,,,,,,,,,10.19
2021-08-18,,,,,,,,,,,,,,,,,,,,,,,,,,,,,,,,,10.188
2021-08-19,,,,,,,,,,,,,,,,,,,,,,,,,,,,,,,,,10.18
2021-08-20,,,,,,,,,,,,,,,,,,,,,,,,,,,,,,,,,10.182
2021-08-23,,,,,,,,,,,,,,,,,,,,,,,,,,,,,,,,,10.184
2021-08-24,,,,,,,,,,,,,,,,,,,,,,,,,,,,,,,,,10.19
2021-08-25,,,,,,,,,,,,,,,,,,,,,,,,,,,,,,,,,10.184
2021-08-26,,,,,,,,,,,,,,,,,,,,,,,,,,,,,,,,,10.184
2021-08-27,,,,,,,,,,,,,,,,,,,,,,,,,,,,,,,,,10.182
2021-08-30,,,,,,,,,,,,,,,,,,,,,,,,,,,,,,,,,10.186
2021-08-31,,,,,,,,,,,,,,,,,,,,,,,,,,,,,,,,,10.19
2021-09-01,,,,,,,,,,,,,,,,,,,,,,,,,,,,,,,,,10.19
2021-09-02,,,,,,,,,,,,,,,,,,,,,,,,,,,,,,,,,10.2
2021-09-03,,,,,,,,,,,,,,,,,,,,,,,,,,,,,,,,,10.192
2021-09-06,,,,,,,,,,,,,,,,,,,,,,,,,,,,,,,,,10.216
2021-09-07,,,,,,,,,,,,,,,,,,,,,,,,,,,,,,,,,10.204
2021-09-08,,,,,,,,,,,,,,,,,,,,,,,,,,,,,,,,,10.204
2021-09-09,,,,,,,,,,,,,,,,,,,,,,,,,,,,,,,,,10.208
2021-09-10,,,,,,,,,,,,,,,,,,,,,,,,,,,,,,,,,10.196
2021-09-14,,,,,,,,,,,,,,,,,,,,,,,,,,,,,,,,,10.214
2021-09-15,,,,,,,,,,,,,,,,,,,,,,,,,,,,,,,,,10.228
2021-09-16,,,,,,,,,,,,,,,,,,,,,,,,,,,,,,,,,10.23
2021-09-17,,,,,,,,,,,,,,,,,,,,,,,,,,,,,,,,,10.218
2021-09-20,,,,,,,,,,,,,,,,,,,,,,,,,,,,,,,,,10.194
2021-09-21,,,,,,,,,,,,,,,,,,,,,,,,,,,,,,,,,10.2
2021-09-22,,,,,,,,,,,,,,,,,,,,,,,,,,,,,,,,,10.216
2021-09-23,,,,,,,,,,,,,,,,,,,,,,,,,,,,,,,,,10.21
2021-09-24,,,,,,,,,,,,,,,,,,,,,,,,,,,,,,,,,10.196
2021-09-27,,,,,,,,,,,,,,,,,,,,,,,,,,,,,,,,,10.18
2021-09-28,,,,,,,,,,,,,,,,,,,,,,,,,,,,,,,,,10.158
2021-09-29,,,,,,,,,,,,,,,,,,,,,,,,,,,,,,,,,10.166
2021-09-30,,,,,,,,,,,,,,,,,,,,,,,,,,,,,,,,,10.142
2021-10-01,,,,,,,,,,,,,,,,,,,,,,,,,,,,,,,,,10.15
2021-10-04,,,,,,,,,,,,,,,,,,,,,,,,,,,,,,,,,10.144
2021-10-05,,,,,,,,,,,,,,,,,,,,,,,,,,,,,,,,,10.136
2021-10-06,,,,,,,,,,,,,,,,,,,,,,,,,,,,,,,,,10.098
2021-10-07,,,,,,,,,,,,,,,,,,,,,,,,,,,,,,,,,10.14
2021-10-08,,,,,,,,,,,,,,,,,,,,,,,,,,,,,,,,,10.112
2021-10-11,,,,,,,,,,,,,,,,,,,,,,,,,,,,,,,,,10.092
2021-10-12,,,,,,,,,,,,,,,,,,,,,,,,,,,,,,,,,10.072
2021-10-13,,,,,,,,,,,,,,,,,,,,,,,,,,,,,,,,,10.084
2021-10-14,,,,,,,,,,,,,,,,,,,,,,,,,,,,,,,,,10.116
2021-10-15,,,,,,,,,,,,,,,,,,,,,,,,,,,,,,,,,10.146
2021-10-18,,,,,,,,,,,,,,,,,,,,,,,,,,,,,,,,,10.08
2021-10-19,,,,,,,,,,,,,,,,,,,,,,,,,,,,,,,,,10.098
2021-10-20,,,,,,,,,,,,,,,,,,,,,,,,,,,,,,,,,10.112
2021-10-21,,,,,,,,,,,,,,,,,,,,,,,,,,,,,,,,,10.104
2021-10-22,,,,,,,,,,,,,,,,,,,,,,,,,,,,,,,,,10.1
2021-10-25,,,,,,,,,,,,,,,,,,,,,,,,,,,,,,,,,10.088
2021-10-26,,,,,,,,,,,,,,,,,,,,,,,,,,,,,,,,,10.128
2021-10-27,,,,,,,,,,,,,,,,,,,,,,,,,,,,,,,,,10.12
2021-10-28,,,,,,,,,,,,,,,,,,,,,,,,,,,,,,,,,10.116
2021-10-29,,,,,,,,,,,,,,,,,,,,,,,,,,,,,,,,,10.076
2021-11-01,,,,,,,,,,,,,,,,,,,,,,,,,,,,,,,,,10.086
2021-11-02,,,,,,,,,,,,,,,,,,,,,,,,,,,,,,,,,10.102
2021-11-03,,,,,,,,,,,,,,,,,,,,,,,,,,,,,,,,,10.104
2021-11-04,,,,,,,,,,,,,,,,,,,,,,,,,,,,,,,,,10.16
2021-11-05,,,,,,,,,,,,,,,,,,,,,,,,,,,,,,,,,10.176
2021-11-08,,,,,,,,,,,,,,,,,,,,,,,,,,,,,,,,,10.184
2021-11-09,,,,,,,,,,,,,,,,,,,,,,,,,,,,,,,,,10.166
2021-11-10,,,,,,,,,,,,,,,,,,,,,,,,,,,,,,,,,10.136
2021-11-11,,,,,,,,,,,,,,,,,,,,,,,,,,,,,,,,,10.118
2021-11-12,,,,,,,,,,,,,,,,,,,,,,,,,,,,,,,,,10.108
2021-11-15,,,,,,,,,,,,,,,,,,,,,,,,,,,,,,,,,10.132
2021-11-16,,,,,,,,,,,,,,,,,,,,,,,,,,,,,,,,,10.106
2021-11-17,,,,,,,,,,,,,,,,,,,,,,,,,,,,,,,,,10.112
2021-11-18,,,,,,,,,,,,,,,,,,,,,,,,,,,,,,,,,10.12
2021-11-19,,,,,,,,,,,,,,,,,,,,,,,,,,,,,,,,,10.114
2021-11-22,,,,,,,,,,,,,,,,,,,,,,,,,,,,,,,,,10.102
2021-11-23,,,,,,,,,,,,,,,,,,,,,,,,,,,,,,,,,10.088
2021-11-24,,,,,,,,,,,,,,,,,,,,,,,,,,,,,,,,,10.072
2021-11-25,,,,,,,,,,,,,,,,,,,,,,,,,,,,,,,,,10.068
2021-11-26,,,,,,,,,,,,,,,,,,,,,,,,,,,,,,,,,9.991
2021-11-29,,,,,,,,,,,,,,,,,,,,,,,,,,,,,,,,,10.024
2021-11-30,,,,,,,,,,,,,,,,,,,,,,,,,,,,,,,,,10.018
2021-12-01,,,,,,,,,,,,,,,,,,,,,,,,,,,,,,,,,10.074
2021-12-02,,,,,,,,,,,,,,,,,,,,,,,,,,,,,,,,,10.064
2021-12-03,,,,,,,,,,,,,,,,,,,,,,,,,,,,,,,,,10.076
2021-12-06,,,,,,,,,,,,,,,,,,,,,,,,,,,,,,,,,10.092
2021-12-07,,,,,,,,,,,,,,,,,,,,,,,,,,,,,,,,,10.11
2021-12-08,,,,,,,,,,,,,,,,,,,,,,,,,,,,,,,,,10.116
2021-12-09,,,,,,,,,,,,,,,,,,,,,,,,,,,,,,,,,10.122
2021-12-10,,,,,,,,,,,,,,,,,,,,,,,,,,,,,,,,,10.122
2021-12-13,,,,,,,,,,,,,,,,,,,,,,,,,,,,,,,,,10.122
2021-12-14,,,,,,,,,,,,,,,,,,,,,,,,,,,,,,,,,10.098
2021-12-15,,,,,,,,,,,,,,,,,,,,,,,,,,,,,,,,,10.102
2021-12-16,,,,,,,,,,,,,,,,,,,,,,,,,,,,,,,,,10.128
2021-12-17,,,,,,,,,,,,,,,,,,,,,,,,,,,,,,,,,10.118
2021-12-20,,,,,,,,,,,,,,,,,,,,,,,,,,,,,,,,,10.122
2021-12-21,,,,,,,,,,,,,,,,,,,,,,,,,,,,,,,,,10.126
2021-12-22,,,,,,,,,,,,,,,,,,,,,,,,,,,,,,,,,10.15
2021-12-23,,,,,,,,,,,,,,,,,,,,,,,,,,,,,,,,,10.148
2021-12-27,,,,,,,,,,,,,,,,,,,,,,,,,,,,,,,,,10.17
2021-12-29,,,,,,,,,,,,,,,,,,,,,,,,,,,,,,,,,10.196
2021-12-30,,,,,,,,,,,,,,,,,,,,,,,,,,,,,,,,,10.15
2022-01-03,,,,,,,,,,,,,,,,,,,,,,,,,,,,,,,,,10.17
2022-01-04,,,,,,,,,,,,,,,,,,,,,,,,,,,,,,,,,10.146
2022-01-05,,,,,,,,,,,,,,,,,,,,,,,,,,,,,,,,,10.166
2022-01-06,,,,,,,,,,,,,,,,,,,,,,,,,,,,,,,,,10.134
2022-01-07,,,,,,,,,,,,,,,,,,,,,,,,,,,,,,,,,10.138
2022-01-10,,,,,,,,,,,,,,,,,,,,,,,,,,,,,,,,,10.1
2022-01-11,,,,,,,,,,,,,,,,,,,,,,,,,,,,,,,,,10.108
2022-01-12,,,,,,,,,,,,,,,,,,,,,,,,,,,,,,,,,10.108
2022-01-13,,,,,,,,,,,,,,,,,,,,,,,,,,,,,,,,,10.098
2022-01-14,,,,,,,,,,,,,,,,,,,,,,,,,,,,,,,,,10.086
2022-01-17,,,,,,,,,,,,,,,,,,,,,,,,,,,,,,,,,10.082
2022-01-18,,,,,,,,,,,,,,,,,,,,,,,,,,,,,,,,,10.056
2022-01-19,,,,,,,,,,,,,,,,,,,,,,,,,,,,,,,,,10.072
2022-01-20,,,,,,,,,,,,,,,,,,,,,,,,,,,,,,,,,10.07
2022-01-21,,,,,,,,,,,,,,,,,,,,,,,,,,,,,,,,,10.05
2022-01-24,,,,,,,,,,,,,,,,,,,,,,,,,,,,,,,,,9.984
2022-01-25,,,,,,,,,,,,,,,,,,,,,,,,,,,,,,,,,9.998
2022-01-26,,,,,,,,,,,,,,,,,,,,,,,,,,,,,,,,,10.034
2022-01-27,,,,,,,,,,,,,,,,,,,,,,,,,,,,,,,,,10.002
2022-01-28,,,,,,,,,,,,,,,,,,,,,,,,,,,,,,,,,9.936
2022-01-31,,,,,,,,,,,,,,,,,,,,,,,,,,,,,,,,,9.94
2022-02-01,,,,,,,,,,,,,,,,,,,,,,,,,,,,,,,,,9.972
2022-02-02,,,,,,,,,,,,,,,,,,,,,,,,,,,,,,,,,9.981
2022-02-03,,,,,,,,,,,,,,,,,,,,,,,,,,,,,,,,,9.898
2022-02-04,,,,,,,,,,,,,,,,,,,,,,,,,,,,,,,,,9.806
2022-02-07,,,,,,,,,,,,,,,,,,,,,,,,,,,,,,,,,9.758
2022-02-08,,,,,,,,,,,,,,,,,,,,,,,,,,,,,,,,,9.762
2022-02-09,,,,,,,,,,,,,,,,,,,,,,,,,,,,,,,,,9.833
2022-02-10,,,,,,,,,,,,,,,,,,,,,,,,,,,,,,,,,9.776
2022-02-11,,,,,,,,,,,,,,,,,,,,,,,,,,,,,,,,,9.753
2022-02-14,,,,,,,,,,,,,,,,,,,,,,,,,,,,,,,,,9.706
2022-02-15,,,,,,,,,,,,,,,,,,,,,,,,,,,,,,,,,9.74
2022-02-17,,,,,,,,,,,,,,,,,,,,,,,,,,,,,,,,,9.74
2022-02-18,,,,,,,,,,,,,,,,,,,,,,,,,,,,,,,,,9.715
2022-02-21,,,,,,,,,,,,,,,,,,,,,,,,,,,,,,,,,9.648
2022-02-22,,,,,,,,,,,,,,,,,,,,,,,,,,,,,,,,,9.654
2022-02-23,,,,,,,,,,,,,,,,,,,,,,,,,,,,,,,,,9.698
2022-02-24,,,,,,,,,,,,,,,,,,,,,,,,,,,,,,,,,9.647
2022-02-25,,,,,,,,,,,,,,,,,,,,,,,,,,,,,,,,,9.698
2022-03-03,,,,,,,,,,,,,,,,,,,,,,,,,,,,,,,,,9.683
2022-03-04,,,,,,,,,,,,,,,,,,,,,,,,,,,,,,,,,9.66
2022-03-07,,,,,,,,,,,,,,,,,,,,,,,,,,,,,,,,,9.498
2022-03-08,,,,,,,,,,,,,,,,,,,,,,,,,,,,,,,,,9.528
2022-03-09,,,,,,,,,,,,,,,,,,,,,,,,,,,,,,,,,9.625
2022-03-10,,,,,,,,,,,,,,,,,,,,,,,,,,,,,,,,,9.533
2022-03-11,,,,,,,,,,,,,,,,,,,,,,,,,,,,,,,,,9.54
2022-03-14,,,,,,,,,,,,,,,,,,,,,,,,,,,,,,,,,9.519
2022-03-15,,,,,,,,,,,,,,,,,,,,,,,,,,,,,,,,,9.507
2022-03-16,,,,,,,,,,,,,,,,,,,,,,,,,,,,,,,,,9.604
2022-03-17,,,,,,,,,,,,,,,,,,,,,,,,,,,,,,,,,9.644
2022-03-18,,,,,,,,,,,,,,,,,,,,,,,,,,,,,,,,,9.644
2022-03-21,,,,,,,,,,,,,,,,,,,,,,,,,,,,,,,,,9.644
2022-03-22,,,,,,,,,,,,,,,,,,,,,,,,,,,,,,,,,9.646
2022-03-23,,,,,,,,,,,,,,,,,,,,,,,,,,,,,,,,,9.632
2022-03-24,,,,,,,,,,,,,,,,,,,,,,,,,,,,,,,,,9.62
2022-03-28,,,,,,,,,,,,,,,,,,,,,,,,,,,,,,,,,9.6
2022-03-30,,,,,,,,,,,,,,,,,,,,,,,,,,,,,,,,,9.686
2022-04-04,,,,,,,,,,,,,,,,,,,,,,,,,,,,,,,,,9.72
2022-04-05,,,,,,,,,,,,,,,,,,,,,,,,,,,,,,,,,9.686
2022-04-06,,,,,,,,,,,,,,,,,,,,,,,,,,,,,,,,,9.588
2022-04-07,,,,,,,,,,,,,,,,,,,,,,,,,,,,,,,,,9.584
2022-04-08,,,,,,,,,,,,,,,,,,,,,,,,,,,,,,,,,9.582
2022-04-11,,,,,,,,,,,,,,,,,,,,,,,,,,,,,,,,,9.55
2022-04-12,,,,,,,,,,,,,,,,,,,,,,,,,,,,,,,,,9.526
2022-04-13,,,,,,,,,,,,,,,,,,,,,,,,,,,,,,,,,9.504
2022-04-19,,,,,,,,,,,,,,,,,,,,,,,,,,,,,,,,,9.489
2022-04-20,,,,,,,,,,,,,,,,,,,,,,,,,,,,,,,,,9.523
2022-04-21,,,,,,,,,,,,,,,,,,,,,,,,,,,,,,,,,9.527
2022-04-25,,,,,,,,,,,,,,,,,,,,,,,,,,,,,,,,,9.422
2022-04-26,,,,,,,,,,,,,,,,,,,,,,,,,,,,,,,,,9.409
2022-04-27,,,,,,,,,,,,,,,,,,,,,,,,,,,,,,,,,9.348
2022-05-02,,,,,,,,,,,,,,,,,,,,,,,,,,,,,,,,,9.255
2022-05-03,,,,,,,,,,,,,,,,,,,,,,,,,,,,,,,,,9.31
2022-05-05,,,,,,,,,,,,,,,,,,,,,,,,,,,,,,,,,9.305
2022-05-06,,,,,,,,,,,,,,,,,,,,,,,,,,,,,,,,,9.21
2022-05-09,,,,,,,,,,,,,,,,,,,,,,,,,,,,,,,,,9.118
2022-05-10,,,,,,,,,,,,,,,,,,,,,,,,,,,,,,,,,9.234
2022-05-11,,,,,,,,,,,,,,,,,,,,,,,,,,,,,,,,,9.269
2022-05-12,,,,,,,,,,,,,,,,,,,,,,,,,,,,,,,,,9.238
2022-05-13,,,,,,,,,,,,,,,,,,,,,,,,,,,,,,,,,9.3
2022-05-16,,,,,,,,,,,,,,,,,,,,,,,,,,,,,,,,,9.279
2022-05-17,,,,,,,,,,,,,,,,,,,,,,,,,,,,,,,,,9.301
2022-05-18,,,,,,,,,,,,,,,,,,,,,,,,,,,,,,,,,9.233
2022-05-19,,,,,,,,,,,,,,,,,,,,,,,,,,,,,,,,,9.2
2022-05-20,,,,,,,,,,,,,,,,,,,,,,,,,,,,,,,,,9.223
2022-05-23,,,,,,,,,,,,,,,,,,,,,,,,,,,,,,,,,9.217
2022-05-24,,,,,,,,,,,,,,,,,,,,,,,,,,,,,,,,,9.207
2022-05-25,,,,,,,,,,,,,,,,,,,,,,,,,,,,,,,,,9.226
2022-05-26,,,,,,,,,,,,,,,,,,,,,,,,,,,,,,,,,9.309
2022-05-27,,,,,,,,,,,,,,,,,,,,,,,,,,,,,,,,,9.336
2022-05-30,,,,,,,,,,,,,,,,,,,,,,,,,,,,,,,,,9.345
2022-05-31,,,,,,,,,,,,,,,,,,,,,,,,,,,,,,,,,9.311
2022-06-01,,,,,,,,,,,,,,,,,,,,,,,,,,,,,,,,,9.267
2022-06-02,,,,,,,,,,,,,,,,,,,,,,,,,,,,,,,,,9.262
2022-06-03,,,,,,,,,,,,,,,,,,,,,,,,,,,,,,,,,9.247
2022-06-06,,,,,,,,,,,,,,,,,,,,,,,,,,,,,,,,,9.271
2022-06-07,,,,,,,,,,,,,,,,,,,,,,,,,,,,,,,,,9.243
2022-06-08,,,,,,,,,,,,,,,,,,,,,,,,,,,,,,,,,9.237
2022-06-09,,,,,,,,,,,,,,,,,,,,,,,,,,,,,,,,,9.126
2022-06-10,,,,,,,,,,,,,,,,,,,,,,,,,,,,,,,,,9.041
2022-06-13,,,,,,,,,,,,,,,,,,,,,,,,,,,,,,,,,8.87
2022-06-14,,,,,,,,,,,,,,,,,,,,,,,,,,,,,,,,,8.808
2022-06-15,,,,,,,,,,,,,,,,,,,,,,,,,,,,,,,,,8.896
2022-06-16,,,,,,,,,,,,,,,,,,,,,,,,,,,,,,,,,8.77
2022-06-17,,,,,,,,,,,,,,,,,,,,,,,,,,,,,,,,,8.795
2022-06-20,,,,,,,,,,,,,,,,,,,,,,,,,,,,,,,,,8.824
2022-06-21,,,,,,,,,,,,,,,,,,,,,,,,,,,,,,,,,8.854
2022-06-22,,,,,,,,,,,,,,,,,,,,,,,,,,,,,,,,,8.811
2022-06-23,,,,,,,,,,,,,,,,,,,,,,,,,,,,,,,,,8.787
2022-06-24,,,,,,,,,,,,,,,,,,,,,,,,,,,,,,,,,8.824
2022-06-27,,,,,,,,,,,,,,,,,,,,,,,,,,,,,,,,,8.795
2022-06-28,,,,,,,,,,,,,,,,,,,,,,,,,,,,,,,,,8.76
2022-06-29,,,,,,,,,,,,,,,,,,,,,,,,,,,,,,,,,8.644
2022-06-30,,,,,,,,,,,,,,,,,,,,,,,,,,,,,,,,,8.655
2022-07-01,,,,,,,,,,,,,,,,,,,,,,,,,,,,,,,,,8.652
2022-07-04,,,,,,,,,,,,,,,,,,,,,,,,,,,,,,,,,8.691
2022-07-05,,,,,,,,,,,,,,,,,,,,,,,,,,,,,,,,,8.654
2022-07-06,,,,,,,,,,,,,,,,,,,,,,,,,,,,,,,,,8.708
2022-07-07,,,,,,,,,,,,,,,,,,,,,,,,,,,,,,,,,8.772
2022-07-08,,,,,,,,,,,,,,,,,,,,,,,,,,,,,,,,,8.806
2022-07-11,,,,,,,,,,,,,,,,,,,,,,,,,,,,,,,,,8.803
2022-07-12,,,,,,,,,,,,,,,,,,,,,,,,,,,,,,,,,8.832
2022-07-13,,,,,,,,,,,,,,,,,,,,,,,,,,,,,,,,,8.76
2022-07-14,,,,,,,,,,,,,,,,,,,,,,,,,,,,,,,,,8.712
2022-07-15,,,,,,,,,,,,,,,,,,,,,,,,,,,,,,,,,8.805
2022-07-18,,,,,,,,,,,,,,,,,,,,,,,,,,,,,,,,,8.836
2022-07-19,,,,,,,,,,,,,,,,,,,,,,,,,,,,,,,,,8.969
2022-07-20,,,,,,,,,,,,,,,,,,,,,,,,,,,,,,,,,8.981
2022-07-21,,,,,,,,,,,,,,,,,,,,,,,,,,,,,,,,,8.994
2022-07-22,,,,,,,,,,,,,,,,,,,,,,,,,,,,,,,,,9.095
2022-07-25,,,,,,,,,,,,,,,,,,,,,,,,,,,,,,,,,9.079
2022-07-26,,,,,,,,,,,,,,,,,,,,,,,,,,,,,,,,,8.925
2022-07-27,,,,,,,,,,,,,,,,,,,,,,,,,,,,,,,,,8.999
2022-07-28,,,,,,,,,,,,,,,,,,,,,,,,,,,,,,,,,9.089
2022-07-29,,,,,,,,,,,,,,,,,,,,,,,,,,,,,,,,,9.181
2022-08-01,,,,,,,,,,,,,,,,,,,,,,,,,,,,,,,,,9.182
2022-08-02,,,,,,,,,,,,,,,,,,,,,,,,,,,,,,,,,9.132
2022-08-03,,,,,,,,,,,,,,,,,,,,,,,,,,,,,,,,,9.166
2022-08-04,,,,,,,,,,,,,,,,,,,,,,,,,,,,,,,,,9.186
2022-08-05,,,,,,,,,,,,,,,,,,,,,,,,,,,,,,,,,9.132
2022-08-08,,,,,,,,,,,,,,,,,,,,,,,,,,,,,,,,,9.206
2022-08-09,,,,,,,,,,,,,,,,,,,,,,,,,,,,,,,,,9.136
2022-08-10,,,,,,,,,,,,,,,,,,,,,,,,,,,,,,,,,9.217
2022-08-11,,,,,,,,,,,,,,,,,,,,,,,,,,,,,,,,,9.223
2022-08-12,,,,,,,,,,,,,,,,,,,,,,,,,,,,,,,,,9.251
2022-08-15,,,,,,,,,,,,,,,,,,,,,,,,,,,,,,,,,9.233
2022-08-16,,,,,,,,,,,,,,,,,,,,,,,,,,,,,,,,,9.177
2022-08-17,,,,,,,,,,,,,,,,,,,,,,,,,,,,,,,,,9.097
2022-08-18,,,,,,,,,,,,,,,,,,,,,,,,,,,,,,,,,9.104
2022-08-19,,,,,,,,,,,,,,,,,,,,,,,,,,,,,,,,,9.012
2022-08-22,,,,,,,,,,,,,,,,,,,,,,,,,,,,,,,,,8.904
2022-08-23,,,,,,,,,,,,,,,,,,,,,,,,,,,,,,,,,8.963
2022-08-24,,,,,,,,,,,,,,,,,,,,,,,,,,,,,,,,,8.989
2022-08-25,,,,,,,,,,,,,,,,,,,,,,,,,,,,,,,,,9.051
2022-08-26,,,,,,,,,,,,,,,,,,,,,,,,,,,,,,,,,8.93
2022-08-29,,,,,,,,,,,,,,,,,,,,,,,,,,,,,,,,,8.862
2022-08-30,,,,,,,,,,,,,,,,,,,,,,,,,,,,,,,,,8.845
2022-08-31,,,,,,,,,,,,,,,,,,,,,,,,,,,,,,,,,8.803
2022-09-01,,,,,,,,,,,,,,,,,,,,,,,,,,,,,,,,,8.757
2022-09-02,,,,,,,,,,,,,,,,,,,,,,,,,,,,,,,,,8.879
2022-09-05,,,,,,,,,,,,,,,,,,,,,,,,,,,,,,,,,8.79
2022-09-06,,,,,,,,,,,,,,,,,,,,,,,,,,,,,,,,,8.819
2022-09-07,,,,,,,,,,,,,,,,,,,,,,,,,,,,,,,,,8.874
2022-09-08,,,,,,,,,,,,,,,,,,,,,,,,,,,,,,,,,8.91
2022-09-09,,,,,,,,,,,,,,,,,,,,,,,,,,,,,,,,,8.959
2022-09-12,,,,,,,,,,,,,,,,,,,,,,,,,,,,,,,,,9.002
2022-09-13,,,,,,,,,,,,,,,,,,,,,,,,,,,,,,,,,8.901
2022-09-14,,,,,,,,,,,,,,,,,,,,,,,,,,,,,,,,,8.846
2022-09-15,,,,,,,,,,,,,,,,,,,,,,,,,,,,,,,,,8.857
2022-09-16,,,,,,,,,,,,,,,,,,,,,,,,,,,,,,,,,8.806
2022-09-19,,,,,,,,,,,,,,,,,,,,,,,,,,,,,,,,,8.803
2022-09-20,,,,,,,,,,,,,,,,,,,,,,,,,,,,,,,,,8.742
2022-09-21,,,,,,,,,,,,,,,,,,,,,,,,,,,,,,,,,8.779
2022-09-22,,,,,,,,,,,,,,,,,,,,,,,,,,,,,,,,,8.709
2022-09-23,,,,,,,,,,,,,,,,,,,,,,,,,,,,,,,,,8.657
2022-09-26,,,,,,,,,,,,,,,,,,,,,,,,,,,,,,,,,8.633
2022-09-27,,,,,,,,,,,,,,,,,,,,,,,,,,,,,,,,,8.609
2022-09-28,,,,,,,,,,,,,,,,,,,,,,,,,,,,,,,,,8.613
2022-09-29,,,,,,,,,,,,,,,,,,,,,,,,,,,,,,,,,8.541
2022-09-30,,,,,,,,,,,,,,,,,,,,,,,,,,,,,,,,,8.627
2022-10-03,,,,,,,,,,,,,,,,,,,,,,,,,,,,,,,,,8.669
2022-10-04,,,,,,,,,,,,,,,,,,,,,,,,,,,,,,,,,8.763
2022-10-05,,,,,,,,,,,,,,,,,,,,,,,,,,,,,,,,,8.665
2022-10-06,,,,,,,,,,,,,,,,,,,,,,,,,,,,,,,,,8.694
2022-10-07,,,,,,,,,,,,,,,,,,,,,,,,,,,,,,,,,8.585
2022-10-10,,,,,,,,,,,,,,,,,,,,,,,,,,,,,,,,,8.564
2022-10-11,,,,,,,,,,,,,,,,,,,,,,,,,,,,,,,,,8.539
2022-10-12,,,,,,,,,,,,,,,,,,,,,,,,,,,,,,,,,8.531
2022-10-13,,,,,,,,,,,,,,,,,,,,,,,,,,,,,,,,,8.55
2022-10-14,,,,,,,,,,,,,,,,,,,,,,,,,,,,,,,,,8.57
2022-10-17,,,,,,,,,,,,,,,,,,,,,,,,,,,,,,,,,8.622
2022-10-18,,,,,,,,,,,,,,,,,,,,,,,,,,,,,,,,,8.654
2022-10-19,,,,,,,,,,,,,,,,,,,,,,,,,,,,,,,,,8.591
2022-10-20,,,,,,,,,,,,,,,,,,,,,,,,,,,,,,,,,8.585
2022-10-21,,,,,,,,,,,,,,,,,,,,,,,,,,,,,,,,,8.576
2022-10-24,,,,,,,,,,,,,,,,,,,,,,,,,,,,,,,,,8.611
2022-10-25,,,,,,,,,,,,,,,,,,,,,,,,,,,,,,,,,8.697
2022-10-26,,,,,,,,,,,,,,,,,,,,,,,,,,,,,,,,,8.715
2022-10-27,,,,,,,,,,,,,,,,,,,,,,,,,,,,,,,,,8.771
2022-10-28,,,,,,,,,,,,,,,,,,,,,,,,,,,,,,,,,8.78
2022-10-31,,,,,,,,,,,,,,,,,,,,,,,,,,,,,,,,,8.747
2022-11-01,,,,,,,,,,,,,,,,,,,,,,,,,,,,,,,,,8.781
2022-11-02,,,,,,,,,,,,,,,,,,,,,,,,,,,,,,,,,8.753
2022-11-03,,,,,,,,,,,,,,,,,,,,,,,,,,,,,,,,,8.703
2022-11-04,,,,,,,,,,,,,,,,,,,,,,,,,,,,,,,,,8.769
2022-11-07,,,,,,,,,,,,,,,,,,,,,,,,,,,,,,,,,8.813
2022-11-08,,,,,,,,,,,,,,,,,,,,,,,,,,,,,,,,,8.817
2022-11-09,,,,,,,,,,,,,,,,,,,,,,,,,,,,,,,,,8.798
2022-11-10,,,,,,,,,,,,,,,,,,,,,,,,,,,,,,,,,8.911
2022-11-11,,,,,,,,,,,,,,,,,,,,,,,,,,,,,,,,,8.981
2022-11-14,,,,,,,,,,,,,,,,,,,,,,,,,,,,,,,,,8.967
2022-11-15,,,,,,,,,,,,,,,,,,,,,,,,,,,,,,,,,8.929
2022-11-16,,,,,,,,,,,,,,,,,,,,,,,,,,,,,,,,,8.903
2022-11-17,,,,,,,,,,,,,,,,,,,,,,,,,,,,,,,,,8.872
2022-11-18,,,,,,,,,,,,,,,,,,,,,,,,,,,,,,,,,8.927
2022-11-21,,,,,,,,,,,,,,,,,,,,,,,,,,,,,,,,,8.942
2022-11-22,,,,,,,,,,,,,,,,,,,,,,,,,,,,,,,,,8.99
2022-11-23,,,,,,,,,,,,,,,,,,,,,,,,,,,,,,,,,9.025
2022-11-24,,,,,,,,,,,,,,,,,,,,,,,,,,,,,,,,,9.066
2022-11-25,,,,,,,,,,,,,,,,,,,,,,,,,,,,,,,,,9.029
2022-11-28,,,,,,,,,,,,,,,,,,,,,,,,,,,,,,,,,9.023
2022-11-29,,,,,,,,,,,,,,,,,,,,,,,,,,,,,,,,,9.027
2022-11-30,,,,,,,,,,,,,,,,,,,,,,,,,,,,,,,,,9.019
2022-12-01,,,,,,,,,,,,,,,,,,,,,,,,,,,,,,,,,9.119
2022-12-02,,,,,,,,,,,,,,,,,,,,,,,,,,,,,,,,,9.081
2022-12-05,,,,,,,,,,,,,,,,,,,,,,,,,,,,,,,,,9.114
2022-12-06,,,,,,,,,,,,,,,,,,,,,,,,,,,,,,,,,9.082
2022-12-07,,,,,,,,,,,,,,,,,,,,,,,,,,,,,,,,,9.102
2022-12-08,,,,,,,,,,,,,,,,,,,,,,,,,,,,,,,,,9.027
2022-12-09,,,,,,,,,,,,,,,,,,,,,,,,,,,,,,,,,9.068
2022-12-12,,,,,,,,,,,,,,,,,,,,,,,,,,,,,,,,,9.025
2022-12-13,,,,,,,,,,,,,,,,,,,,,,,,,,,,,,,,,9.048
2022-12-14,,,,,,,,,,,,,,,,,,,,,,,,,,,,,,,,,9.122
2022-12-15,,,,,,,,,,,,,,,,,,,,,,,,,,,,,,,,,9.038
2022-12-16,,,,,,,,,,,,,,,,,,,,,,,,,,,,,,,,,8.924
2022-12-19,,,,,,,,,,,,,,,,,,,,,,,,,,,,,,,,,8.959
2022-12-20,,,,,,,,,,,,,,,,,,,,,,,,,,,,,,,,,8.973
2022-12-21,,,,,,,,,,,,,,,,,,,,,,,,,,,,,,,,,9.063
2022-12-22,,,,,,,,,,,,,,,,,,,,,,,,,,,,,,,,,9.08
2022-12-23,,,,,,,,,,,,,,,,,,,,,,,,,,,,,,,,,9.047
2022-12-27,,,,,,,,,,,,,,,,,,,,,,,,,,,,,,,,,9.057
2022-12-28,,,,,,,,,,,,,,,,,,,,,,,,,,,,,,,,,9.04
2022-12-29,,,,,,,,,,,,,,,,,,,,,,,,,,,,,,,,,9.016
2022-12-30,,,,,,,,,,,,,,,,,,,,,,,,,,,,,,,,,9.038
2023-01-02,,,,,,,,,,,,,,,,,,,,,,,,,,,,,,,,,9.019
2023-01-03,,,,,,,,,,,,,,,,,,,,,,,,,,,,,,,,,9.046
2023-01-04,,,,,,,,,,,,,,,,,,,,,,,,,,,,,,,,,9.143
2023-01-05,,,,,,,,,,,,,,,,,,,,,,,,,,,,,,,,,9.09
2023-01-06,,,,,,,,,,,,,,,,,,,,,,,,,,,,,,,,,9.087
2023-01-09,,,,,,,,,,,,,,,,,,,,,,,,,,,,,,,,,9.152
2023-01-10,,,,,,,,,,,,,,,,,,,,,,,,,,,,,,,,,9.126
2023-01-11,,,,,,,,,,,,,,,,,,,,,,,,,,,,,,,,,9.151
2023-01-12,,,,,,,,,,,,,,,,,,,,,,,,,,,,,,,,,9.176
2023-01-13,,,,,,,,,,,,,,,,,,,,,,,,,,,,,,,,,9.195
2023-01-16,,,,,,,,,,,,,,,,,,,,,,,,,,,,,,,,,9.188
2023-01-17,,,,,,,,,,,,,,,,,,,,,,,,,,,,,,,,,9.217
2023-01-18,,,,,,,,,,,,,,,,,,,,,,,,,,,,,,,,,9.223
2023-01-19,,,,,,,,,,,,,,,,,,,,,,,,,,,,,,,,,9.195
2023-01-20,,,,,,,,,,,,,,,,,,,,,,,,,,,,,,,,,9.205
2023-01-23,,,,,,,,,,,,,,,,,,,,,,,,,,,,,,,,,9.225
2023-01-24,,,,,,,,,,,,,,,,,,,,,,,,,,,,,,,,,9.232
2023-01-25,,,,,,,,,,,,,,,,,,,,,,,,,,,,,,,,,9.226
2023-01-26,,,,,,,,,,,,,,,,,,,,,,,,,,,,,,,,,9.223
2023-01-27,,,,,,,,,,,,,,,,,,,,,,,,,,,,,,,,,9.249
2023-01-30,,,,,,,,,,,,,,,,,,,,,,,,,,,,,,,,,9.209
2023-01-31,,,,,,,,,,,,,,,,,,,,,,,,,,,,,,,,,9.217
2023-02-01,,,,,,,,,,,,,,,,,,,,,,,,,,,,,,,,,9.265
2023-02-02,,,,,,,,,,,,,,,,,,,,,,,,,,,,,,,,,9.316
2023-02-03,,,,,,,,,,,,,,,,,,,,,,,,,,,,,,,,,9.34
2023-02-06,,,,,,,,,,,,,,,,,,,,,,,,,,,,,,,,,9.335
2023-02-07,,,,,,,,,,,,,,,,,,,,,,,,,,,,,,,,,9.32
2023-02-08,,,,,,,,,,,,,,,,,,,,,,,,,,,,,,,,,9.301
2023-02-09,,,,,,,,,,,,,,,,,,,,,,,,,,,,,,,,,9.352
2023-02-10,,,,,,,,,,,,,,,,,,,,,,,,,,,,,,,,,9.264
2023-02-13,,,,,,,,,,,,,,,,,,,,,,,,,,,,,,,,,9.268
2023-02-14,,,,,,,,,,,,,,,,,,,,,,,,,,,,,,,,,9.299
2023-02-15,,,,,,,,,,,,,,,,,,,,,,,,,,,,,,,,,9.279
2023-02-16,,,,,,,,,,,,,,,,,,,,,,,,,,,,,,,,,9.283
2023-02-17,,,,,,,,,,,,,,,,,,,,,,,,,,,,,,,,,9.265
2023-02-20,,,,,,,,,,,,,,,,,,,,,,,,,,,,,,,,,9.271
2023-02-21,,,,,,,,,,,,,,,,,,,,,,,,,,,,,,,,,9.213
2023-02-22,,,,,,,,,,,,,,,,,,,,,,,,,,,,,,,,,9.192
2023-02-23,,,,,,,,,,,,,,,,,,,,,,,,,,,,,,,,,9.238
2023-02-24,,,,,,,,,,,,,,,,,,,,,,,,,,,,,,,,,9.17
2023-02-27,,,,,,,,,,,,,,,,,,,,,,,,,,,,,,,,,9.193
2023-02-28,,,,,,,,,,,,,,,,,,,,,,,,,,,,,,,,,9.18
2023-03-01,,,,,,,,,,,,,,,,,,,,,,,,,,,,,,,,,9.178
2023-03-02,,,,,,,,,,,,,,,,,,,,,,,,,,,,,,,,,9.176
2023-03-03,,,,,,,,,,,,,,,,,,,,,,,,,,,,,,,,,9.211
2023-03-06,,,,,,,,,,,,,,,,,,,,,,,,,,,,,,,,,9.232
2023-03-07,,,,,,,,,,,,,,,,,,,,,,,,,,,,,,,,,9.237
2023-03-08,,,,,,,,,,,,,,,,,,,,,,,,,,,,,,,,,9.205
2023-03-09,,,,,,,,,,,,,,,,,,,,,,,,,,,,,,,,,9.204
2023-03-10,,,,,,,,,,,,,,,,,,,,,,,,,,,,,,,,,9.152
2023-03-13,,,,,,,,,,,,,,,,,,,,,,,,,,,,,,,,,9.183
2023-03-14,,,,,,,,,,,,,,,,,,,,,,,,,,,,,,,,,9.139
2023-03-15,,,,,,,,,,,,,,,,,,,,,,,,,,,,,,,,,9.06
2023-03-16,,,,,,,,,,,,,,,,,,,,,,,,,,,,,,,,,9.065
2023-03-17,,,,,,,,,,,,,,,,,,,,,,,,,,,,,,,,,9.066
2023-03-20,,,,,,,,,,,,,,,,,,,,,,,,,,,,,,,,,9.091
2023-03-21,,,,,,,,,,,,,,,,,,,,,,,,,,,,,,,,,9.16
2023-03-22,,,,,,,,,,,,,,,,,,,,,,,,,,,,,,,,,9.162
2023-03-23,,,,,,,,,,,,,,,,,,,,,,,,,,,,,,,,,9.182
2023-03-24,,,,,,,,,,,,,,,,,,,,,,,,,,,,,,,,,9.128
2023-03-27,,,,,,,,,,,,,,,,,,,,,,,,,,,,,,,,,9.143
2023-03-28,,,,,,,,,,,,,,,,,,,,,,,,,,,,,,,,,9.131
2023-03-29,,,,,,,,,,,,,,,,,,,,,,,,,,,,,,,,,9.133
2023-03-30,,,,,,,,,,,,,,,,,,,,,,,,,,,,,,,,,9.179
2023-03-31,,,,,,,,,,,,,,,,,,,,,,,,,,,,,,,,,9.248
2023-04-03,,,,,,,,,,,,,,,,,,,,,,,,,,,,,,,,,9.221
2023-04-04,,,,,,,,,,,,,,,,,,,,,,,,,,,,,,,,,9.229
2023-04-05,,,,,,,,,,,,,,,,,,,,,,,,,,,,,,,,,9.177
2023-04-06,,,,,,,,,,,,,,,,,,,,,,,,,,,,,,,,,9.165
2023-04-11,,,,,,,,,,,,,,,,,,,,,,,,,,,,,,,,,9.187
2023-04-12,,,,,,,,,,,,,,,,,,,,,,,,,,,,,,,,,9.214
2023-04-13,,,,,,,,,,,,,,,,,,,,,,,,,,,,,,,,,9.211
2023-04-14,,,,,,,,,,,,,,,,,,,,,,,,,,,,,,,,,9.224
2023-04-17,,,,,,,,,,,,,,,,,,,,,,,,,,,,,,,,,9.222
2023-04-18,,,,,,,,,,,,,,,,,,,,,,,,,,,,,,,,,9.238
2023-04-19,,,,,,,,,,,,,,,,,,,,,,,,,,,,,,,,,9.256
2023-04-20,,,,,,,,,,,,,,,,,,,,,,,,,,,,,,,,,9.215
2023-04-21,,,,,,,,,,,,,,,,,,,,,,,,,,,,,,,,,9.214
2023-04-24,,,,,,,,,,,,,,,,,,,,,,,,,,,,,,,,,9.216
2023-04-25,,,,,,,,,,,,,,,,,,,,,,,,,,,,,,,,,9.206
2023-04-26,,,,,,,,,,,,,,,,,,,,,,,,,,,,,,,,,9.187
2023-04-27,,,,,,,,,,,,,,,,,,,,,,,,,,,,,,,,,9.171
2023-04-28,,,,,,,,,,,,,,,,,,,,,,,,,,,,,,,,,9.233
2023-05-02,,,,,,,,,,,,,,,,,,,,,,,,,,,,,,,,,9.232
2023-05-03,,,,,,,,,,,,,,,,,,,,,,,,,,,,,,,,,9.208
2023-05-04,,,,,,,,,,,,,,,,,,,,,,,,,,,,,,,,,9.199
2023-05-05,,,,,,,,,,,,,,,,,,,,,,,,,,,,,,,,,9.239
2023-05-08,,,,,,,,,,,,,,,,,,,,,,,,,,,,,,,,,9.214
2023-05-09,,,,,,,,,,,,,,,,,,,,,,,,,,,,,,,,,9.202
2023-05-10,,,,,,,,,,,,,,,,,,,,,,,,,,,,,,,,,9.235
2023-05-11,,,,,,,,,,,,,,,,,,,,,,,,,,,,,,,,,9.228
2023-05-12,,,,,,,,,,,,,,,,,,,,,,,,,,,,,,,,,9.268
2023-05-15,,,,,,,,,,,,,,,,,,,,,,,,,,,,,,,,,9.229
2023-05-16,,,,,,,,,,,,,,,,,,,,,,,,,,,,,,,,,9.231
2023-05-17,,,,,,,,,,,,,,,,,,,,,,,,,,,,,,,,,9.222
2023-05-18,,,,,,,,,,,,,,,,,,,,,,,,,,,,,,,,,9.251
2023-05-19,,,,,,,,,,,,,,,,,,,,,,,,,,,,,,,,,9.276
2023-05-22,,,,,,,,,,,,,,,,,,,,,,,,,,,,,,,,,9.265
2023-05-23,,,,,,,,,,,,,,,,,,,,,,,,,,,,,,,,,9.252
2023-05-24,,,,,,,,,,,,,,,,,,,,,,,,,,,,,,,,,9.23
2023-05-25,,,,,,,,,,,,,,,,,,,,,,,,,,,,,,,,,9.233
2023-05-26,,,,,,,,,,,,,,,,,,,,,,,,,,,,,,,,,9.254
2023-05-29,,,,,,,,,,,,,,,,,,,,,,,,,,,,,,,,,9.25
2023-05-30,,,,,,,,,,,,,,,,,,,,,,,,,,,,,,,,,9.277
2023-05-31,,,,,,,,,,,,,,,,,,,,,,,,,,,,,,,,,9.252
2023-06-01,,,,,,,,,,,,,,,,,,,,,,,,,,,,,,,,,9.288
2023-06-02,,,,,,,,,,,,,,,,,,,,,,,,,,,,,,,,,9.32
2023-06-05,,,,,,,,,,,,,,,,,,,,,,,,,,,,,,,,,9.301
2023-06-06,,,,,,,,,,,,,,,,,,,,,,,,,,,,,,,,,9.323
2023-06-07,,,,,,,,,,,,,,,,,,,,,,,,,,,,,,,,,9.318
2023-06-08,,,,,,,,,,,,,,,,,,,,,,,,,,,,,,,,,9.337
2023-06-09,,,,,,,,,,,,,,,,,,,,,,,,,,,,,,,,,9.352
2023-06-12,,,,,,,,,,,,,,,,,,,,,,,,,,,,,,,,,9.35
2023-06-13,,,,,,,,,,,,,,,,,,,,,,,,,,,,,,,,,9.353
2023-06-14,,,,,,,,,,,,,,,,,,,,,,,,,,,,,,,,,9.364
2023-06-15,,,,,,,,,,,,,,,,,,,,,,,,,,,,,,,,,9.327
2023-06-16,,,,,,,,,,,,,,,,,,,,,,,,,,,,,,,,,9.364
2023-06-19,,,,,,,,,,,,,,,,,,,,,,,,,,,,,,,,,9.35
2023-06-20,,,,,,,,,,,,,,,,,,,,,,,,,,,,,,,,,9.355
2023-06-21,,,,,,,,,,,,,,,,,,,,,,,,,,,,,,,,,9.32
2023-06-22,,,,,,,,,,,,,,,,,,,,,,,,,,,,,,,,,9.294
2023-06-23,,,,,,,,,,,,,,,,,,,,,,,,,,,,,,,,,9.292
2023-06-26,,,,,,,,,,,,,,,,,,,,,,,,,,,,,,,,,9.282
2023-06-27,,,,,,,,,,,,,,,,,,,,,,,,,,,,,,,,,9.286
2023-06-28,,,,,,,,,,,,,,,,,,,,,,,,,,,,,,,,,9.306
2023-06-29,,,,,,,,,,,,,,,,,,,,,,,,,,,,,,,,,9.304
2023-06-30,,,,,,,,,,,,,,,,,,,,,,,,,,,,,,,,,9.326
2023-07-03,,,,,,,,,,,,,,,,,,,,,,,,,,,,,,,,,9.316
2023-07-04,,,,,,,,,,,,,,,,,,,,,,,,,,,,,,,,,9.315
2023-07-05,,,,,,,,,,,,,,,,,,,,,,,,,,,,,,,,,9.299
2023-07-06,,,,,,,,,,,,,,,,,,,,,,,,,,,,,,,,,9.233
2023-07-07,,,,,,,,,,,,,,,,,,,,,,,,,,,,,,,,,9.255
2023-07-10,,,,,,,,,,,,,,,,,,,,,,,,,,,,,,,,,9.265
2023-07-11,,,,,,,,,,,,,,,,,,,,,,,,,,,,,,,,,9.286
2023-07-12,,,,,,,,,,,,,,,,,,,,,,,,,,,,,,,,,9.354
2023-07-13,,,,,,,,,,,,,,,,,,,,,,,,,,,,,,,,,9.381
2023-07-14,,,,,,,,,,,,,,,,,,,,,,,,,,,,,,,,,9.377
2023-07-17,,,,,,,,,,,,,,,,,,,,,,,,,,,,,,,,,9.356
2023-07-18,,,,,,,,,,,,,,,,,,,,,,,,,,,,,,,,,9.386
2023-07-19,,,,,,,,,,,,,,,,,,,,,,,,,,,,,,,,,9.376
2023-07-20,,,,,,,,,,,,,,,,,,,,,,,,,,,,,,,,,9.378
2023-07-21,,,,,,,,,,,,,,,,,,,,,,,,,,,,,,,,,9.372
2023-07-24,,,,,,,,,,,,,,,,,,,,,,,,,,,,,,,,,9.394
2023-07-25,,,,,,,,,,,,,,,,,,,,,,,,,,,,,,,,,9.397
2023-07-26,,,,,,,,,,,,,,,,,,,,,,,,,,,,,,,,,9.387
2023-07-27,,,,,,,,,,,,,,,,,,,,,,,,,,,,,,,,,9.438
2023-07-28,,,,,,,,,,,,,,,,,,,,,,,,,,,,,,,,,9.452
2023-07-31,,,,,,,,,,,,,,,,,,,,,,,,,,,,,,,,,9.438
2023-08-01,,,,,,,,,,,,,,,,,,,,,,,,,,,,,,,,,9.397
2023-08-02,,,,,,,,,,,,,,,,,,,,,,,,,,,,,,,,,9.389
2023-08-03,,,,,,,,,,,,,,,,,,,,,,,,,,,,,,,,,9.375
2023-08-04,,,,,,,,,,,,,,,,,,,,,,,,,,,,,,,,,9.394
2023-08-07,,,,,,,,,,,,,,,,,,,,,,,,,,,,,,,,,9.397
2023-08-08,,,,,,,,,,,,,,,,,,,,,,,,,,,,,,,,,9.392
2023-08-09,,,,,,,,,,,,,,,,,,,,,,,,,,,,,,,,,9.41
2023-08-10,,,,,,,,,,,,,,,,,,,,,,,,,,,,,,,,,9.439
2023-08-11,,,,,,,,,,,,,,,,,,,,,,,,,,,,,,,,,9.4
2023-08-14,,,,,,,,,,,,,,,,,,,,,,,,,,,,,,,,,9.403
2023-08-15,,,,,,,,,,,,,,,,,,,,,,,,,,,,,,,,,9.383
2023-08-16,,,,,,,,,,,,,,,,,,,,,,,,,,,,,,,,,9.38
2023-08-17,,,,,,,,,,,,,,,,,,,,,,,,,,,,,,,,,9.345
2023-08-18,,,,,,,,,,,,,,,,,,,,,,,,,,,,,,,,,9.357
2023-08-21,,,,,,,,,,,,,,,,,,,,,,,,,,,,,,,,,9.349
2023-08-22,,,,,,,,,,,,,,,,,,,,,,,,,,,,,,,,,9.365
2023-08-23,,,,,,,,,,,,,,,,,,,,,,,,,,,,,,,,,9.389
2023-08-24,,,,,,,,,,,,,,,,,,,,,,,,,,,,,,,,,9.377
2023-08-25,,,,,,,,,,,,,,,,,,,,,,,,,,,,,,,,,9.379
2023-08-28,,,,,,,,,,,,,,,,,,,,,,,,,,,,,,,,,9.398
2023-08-29,,,,,,,,,,,,,,,,,,,,,,,,,,,,,,,,,9.44
2023-08-30,,,,,,,,,,,,,,,,,,,,,,,,,,,,,,,,,9.424
2023-08-31,,,,,,,,,,,,,,,,,,,,,,,,,,,,,,,,,9.418
2023-09-01,,,,,,,,,,,,,,,,,,,,,,,,,,,,,,,,,9.4
2023-09-04,,,,,,,,,,,,,,,,,,,,,,,,,,,,,,,,,9.399
2023-09-05,,,,,,,,,,,,,,,,,,,,,,,,,,,,,,,,,9.409
2023-09-06,,,,,,,,,,,,,,,,,,,,,,,,,,,,,,,,,9.387
2023-09-07,,,,,,,,,,,,,,,,,,,,,,,,,,,,,,,,,9.402
2023-09-08,,,,,,,,,,,,,,,,,,,,,,,,,,,,,,,,,9.43
2023-09-11,,,,,,,,,,,,,,,,,,,,,,,,,,,,,,,,,9.434
2023-09-12,,,,,,,,,,,,,,,,,,,,,,,,,,,,,,,,,9.429
2023-09-13,,,,,,,,,,,,,,,,,,,,,,,,,,,,,,,,,9.441
2023-09-14,,,,,,,,,,,,,,,,,,,,,,,,,,,,,,,,,9.477
2023-09-15,,,,,,,,,,,,,,,,,,,,,,,,,,,,,,,,,9.462
2023-09-18,,,,,,,,,,,,,,,,,,,,,,,,,,,,,,,,,9.455
2023-09-19,,,,,,,,,,,,,,,,,,,,,,,,,,,,,,,,,9.459
2023-09-20,,,,,,,,,,,,,,,,,,,,,,,,,,,,,,,,,9.477
2023-09-21,,,,,,,,,,,,,,,,,,,,,,,,,,,,,,,,,9.448
2023-09-22,,,,,,,,,,,,,,,,,,,,,,,,,,,,,,,,,9.447
2023-09-25,,,,,,,,,,,,,,,,,,,,,,,,,,,,,,,,,9.435
2023-09-26,,,,,,,,,,,,,,,,,,,,,,,,,,,,,,,,,9.416
2023-09-27,,,,,,,,,,,,,,,,,,,,,,,,,,,,,,,,,9.408
2023-09-28,,,,,,,,,,,,,,,,,,,,,,,,,,,,,,,,,9.397
2023-09-29,,,,,,,,,,,,,,,,,,,,,,,,,,,,,,,,,9.423
2023-10-02,,,,,,,,,,,,,,,,,,,,,,,,,,,,,,,,,9.399
2023-10-03,,,,,,,,,,,,,,,,,,,,,,,,,,,,,,,,,9.381
2023-10-04,,,,,,,,,,,,,,,,,,,,,,,,,,,,,,,,,9.374
2023-10-05,,,,,,,,,,,,,,,,,,,,,,,,,,,,,,,,,9.368
2023-10-06,,,,,,,,,,,,,,,,,,,,,,,,,,,,,,,,,9.367
2023-10-09,,,,,,,,,,,,,,,,,,,,,,,,,,,,,,,,,9.348
2023-10-10,,,,,,,,,,,,,,,,,,,,,,,,,,,,,,,,,9.394
2023-10-11,,,,,,,,,,,,,,,,,,,,,,,,,,,,,,,,,9.407
2023-10-12,,,,,,,,,,,,,,,,,,,,,,,,,,,,,,,,,9.401
2023-10-13,,,,,,,,,,,,,,,,,,,,,,,,,,,,,,,,,9.387
2023-10-16,,,,,,,,,,,,,,,,,,,,,,,,,,,,,,,,,9.389
2023-10-17,,,,,,,,,,,,,,,,,,,,,,,,,,,,,,,,,9.378
2023-10-18,,,,,,,,,,,,,,,,,,,,,,,,,,,,,,,,,9.35
2023-10-19,,,,,,,,,,,,,,,,,,,,,,,,,,,,,,,,,9.328
2023-10-20,,,,,,,,,,,,,,,,,,,,,,,,,,,,,,,,,9.322
2023-10-23,,,,,,,,,,,,,,,,,,,,,,,,,,,,,,,,,9.345
2023-10-24,,,,,,,,,,,,,,,,,,,,,,,,,,,,,,,,,9.384
2023-10-25,,,,,,,,,,,,,,,,,,,,,,,,,,,,,,,,,9.388
2023-10-26,,,,,,,,,,,,,,,,,,,,,,,,,,,,,,,,,9.374
2023-10-27,,,,,,,,,,,,,,,,,,,,,,,,,,,,,,,,,9.378
2023-10-30,,,,,,,,,,,,,,,,,,,,,,,,,,,,,,,,,9.397
2023-10-31,,,,,,,,,,,,,,,,,,,,,,,,,,,,,,,,,9.433
2023-11-01,,,,,,,,,,,,,,,,,,,,,,,,,,,,,,,,,9.479
2023-11-02,,,,,,,,,,,,,,,,,,,,,,,,,,,,,,,,,9.528
2023-11-03,,,,,,,,,,,,,,,,,,,,,,,,,,,,,,,,,9.549
2023-11-06,,,,,,,,,,,,,,,,,,,,,,,,,,,,,,,,,9.527
2023-11-07,,,,,,,,,,,,,,,,,,,,,,,,,,,,,,,,,9.542
2023-11-08,,,,,,,,,,,,,,,,,,,,,,,,,,,,,,,,,9.558
2023-11-09,,,,,,,,,,,,,,,,,,,,,,,,,,,,,,,,,9.565
2023-11-10,,,,,,,,,,,,,,,,,,,,,,,,,,,,,,,,,9.542
2023-11-13,,,,,,,,,,,,,,,,,,,,,,,,,,,,,,,,,9.544
2023-11-14,,,,,,,,,,,,,,,,,,,,,,,,,,,,,,,,,9.619
2023-11-15,,,,,,,,,,,,,,,,,,,,,,,,,,,,,,,,,9.61
2023-11-16,,,,,,,,,,,,,,,,,,,,,,,,,,,,,,,,,9.603
2023-11-17,,,,,,,,,,,,,,,,,,,,,,,,,,,,,,,,,9.618
2023-11-20,,,,,,,,,,,,,,,,,,,,,,,,,,,,,,,,,9.613
2023-11-21,,,,,,,,,,,,,,,,,,,,,,,,,,,,,,,,,9.624
2023-11-22,,,,,,,,,,,,,,,,,,,,,,,,,,,,,,,,,9.636
2023-11-23,,,,,,,,,,,,,,,,,,,,,,,,,,,,,,,,,9.639
2023-11-24,,,,,,,,,,,,,,,,,,,,,,,,,,,,,,,,,9.651
2023-11-27,,,,,,,,,,,,,,,,,,,,,,,,,,,,,,,,,9.663
2023-11-28,,,,,,,,,,,,,,,,,,,,,,,,,,,,,,,,,9.67
2023-11-29,,,,,,,,,,,,,,,,,,,,,,,,,,,,,,,,,9.715
2023-11-30,,,,,,,,,,,,,,,,,,,,,,,,,,,,,,,,,9.725
2023-12-01,,,,,,,,,,,,,,,,,,,,,,,,,,,,,,,,,9.76
2023-12-04,0.0,0.0,0.0,0.0,0.0,0.0,0.0,0.0,0.0,,,,,,,,,,,,0.0,,0.0,0.0,25773.0,251827.98,0.25,0.0,,0.0,,0.0,9.771
2023-12-05,0.0,0.0,0.0,0.0,0.0,0.0,0.0,0.0,0.0,,,,,,,,,,,,0.0,,0.0,0.0,25773.0,252291.9,0.25,0.0,,0.0,,0.0,9.789
2023-12-06,0.0,0.0,0.0,0.0,0.0,0.0,0.0,0.0,0.0,,,,,,,,,,,,0.0,,0.0,0.0,25773.0,252730.04,0.25,0.0,,0.0,,0.0,9.806
2023-12-07,0.0,0.0,0.0,0.0,0.0,0.0,0.0,0.0,0.0,,,,,,,,,,,,0.0,,0.0,0.0,25773.0,252652.72,0.25,0.0,,0.0,,0.0,9.803
2023-12-08,0.0,0.0,0.0,0.0,0.0,0.0,0.0,0.0,0.0,,,,,,,,,,,,0.0,,0.0,0.0,25773.0,252601.17,0.25,0.0,,0.0,,0.0,9.801
2023-12-11,0.0,0.0,0.0,0.0,0.0,0.0,0.0,0.0,0.0,,,,,,,,,,,,0.0,,0.0,0.0,25773.0,252858.9,0.25,0.0,,0.0,,0.0,9.811
2023-12-12,0.0,0.0,0.0,0.0,0.0,0.0,0.0,0.0,0.0,,,,,,,,,,,,0.0,,0.0,0.0,35967.0,352620.47,0.35,0.0,,0.0,,0.0,9.804
2023-12-13,12600.0,124021.8,4.1,0.05,0.12,62010.9,6300.0,6300.0,62010.9,,,6300.0,,,,,,0.06,6300.0,,0.06,,100.0,14.91,0.0,0.0,0.0,100.0,,1.0,100.0,0.2981,9.843
2023-12-14,12600.0,125118.0,3.62,0.05,0.12,62559.0,6300.0,6300.0,62559.0,,,,,,,,,,,,0.06,,100.0,14.91,0.0,0.0,0.0,100.0,,1.0,100.0,0.2981,9.93
2023-12-15,0.0,0.0,0.0,0.0,0.0,0.0,0.0,0.0,0.0,,,,0.06,,6300.0,,,,,6300.0,0.0,0.06,0.0,0.0,42267.0,420514.38,0.42,0.0,,0.0,,0.0,9.949
2023-12-18,0.0,0.0,0.0,0.0,0.0,0.0,0.0,0.0,0.0,,,,,,,,,,,,0.0,,0.0,0.0,35967.0,357440.05,0.36,0.0,,0.0,,0.0,9.938
2023-12-19,0.0,0.0,0.0,0.0,0.0,0.0,0.0,0.0,0.0,,,,,,,,,,,,0.0,,0.0,0.0,35967.0,357835.68,0.36,0.0,,0.0,,0.0,9.949
2023-12-20,1400.0,13972.0,0.46,0.01,0.01,6986.0,700.0,700.0,6986.0,,,700.0,,,,,,0.01,700.0,,0.01,,100.0,1.91,0.0,0.0,0.0,100.0,,1.0,100.0,0.0382,9.98
2023-12-21,1400.0,13976.2,0.41,0.01,0.01,6988.1,700.0,700.0,6988.1,,,,,,,,,,,,0.01,,100.0,1.91,0.0,0.0,0.0,100.0,,1.0,100.0,0.0382,9.983
2023-12-22,80600.0,808740.4,21.2,0.3,0.77,404370.2,40300.0,40300.0,404370.2,5600.0,0.37,,,39600.0,,0.37,5600.0,,34000.0,,0.4,,100.0,95.35,0.0,0.0,0.0,100.0,,1.0,100.0,1.9069,10.034
2023-12-25,80600.0,808740.4,21.13,0.3,0.81,404370.2,40300.0,40300.0,404370.2,,,,,,,,,,,,0.4,,100.0,95.35,0.0,0.0,0.0,100.0,,1.0,100.0,1.9069,
2023-12-26,80600.0,808740.4,21.13,0.3,0.81,404370.2,40300.0,40300.0,404370.2,,,,,,,,,,,,0.4,,100.0,95.35,0.0,0.0,0.0,100.0,,1.0,100.0,1.9069,
2023-12-27,80600.0,809224.0,21.13,0.3,0.81,404612.0,40300.0,40300.0,404612.0,,,,,,,,,,,,0.4,,100.0,95.35,0.0,0.0,0.0,100.0,,1.0,100.0,1.9069,10.04
2023-12-28,80600.0,809707.6,20.99,0.3,0.81,404853.8,40300.0,40300.0,404853.8,,,,,,,,,,,,0.4,,100.0,95.35,0.0,0.0,0.0,100.0,,1.0,100.0,1.9069,10.046
2023-12-29,80600.0,807289.6,21.13,0.3,0.81,403644.8,40300.0,40300.0,403644.8,,,,,,,,,,,,0.4,,100.0,95.35,0.0,0.0,0.0,100.0,,1.0,100.0,1.9069,10.016
2024-01-01,80600.0,807289.6,23.96,0.3,0.81,403644.8,40300.0,40300.0,403644.8,,,,,,,,,,,,0.4,,100.0,95.35,0.0,0.0,0.0,100.0,,1.0,100.0,1.9069,
2024-01-02,68000.0,680544.0,20.21,0.25,0.68,340272.0,34000.0,34000.0,340272.0,,,,0.06,,6300.0,,,,,6300.0,0.34,0.07,100.0,94.53,0.0,0.0,0.0,100.0,,1.0,100.0,1.8906,10.008
2024-01-03,0.0,0.0,0.0,0.0,0.0,0.0,0.0,0.0,0.0,,,,0.34,,34000.0,,,,,34000.0,0.0,0.34,0.0,0.0,35967.0,357511.98,0.36,0.0,,0.0,,0.0,9.94
2024-01-04,0.0,0.0,0.0,0.0,0.0,0.0,0.0,0.0,0.0,,,,,,,,,,,,0.0,,0.0,0.0,35967.0,357404.08,0.36,0.0,,0.0,,0.0,9.937
2024-01-05,0.0,0.0,0.0,0.0,0.0,0.0,0.0,0.0,0.0,,,,,,,,,,,,0.0,,0.0,0.0,35967.0,357368.11,0.36,0.0,,0.0,,0.0,9.936
2024-01-08,0.0,0.0,0.0,0.0,0.0,0.0,0.0,0.0,0.0,,,,,,,,,,,,0.0,,0.0,0.0,35967.0,358375.19,0.36,0.0,,0.0,,0.0,9.964
2024-01-09,0.0,0.0,0.0,0.0,0.0,0.0,0.0,0.0,0.0,,,,,,,,,,,,0.0,,0.0,0.0,35967.0,357727.78,0.36,0.0,,0.0,,0.0,9.946
2024-01-10,0.0,0.0,0.0,0.0,0.0,0.0,0.0,0.0,0.0,,,,,,,,,,,,0.0,,0.0,0.0,35967.0,358483.09,0.36,0.0,,0.0,,0.0,9.967
2024-01-11,0.0,0.0,0.0,0.0,0.0,0.0,0.0,0.0,0.0,,,,,,,,,,,,0.0,,0.0,0.0,35967.0,358698.89,0.36,0.0,,0.0,,0.0,9.973
2024-01-12,0.0,0.0,0.0,0.0,0.0,0.0,0.0,0.0,0.0,,,,,,,,,,,,0.0,,0.0,0.0,35967.0,359957.74,0.36,0.0,,0.0,,0.0,10.008
2024-01-15,0.0,0.0,0.0,0.0,0.0,0.0,0.0,0.0,0.0,,,,,,,,,,,,0.0,,0.0,0.0,35967.0,359526.13,0.36,0.0,,0.0,,0.0,9.996
2024-01-16,0.0,0.0,0.0,0.0,0.0,0.0,0.0,0.0,0.0,,,,,,,,,,,,0.0,,0.0,0.0,35967.0,359382.26,0.36,0.0,,0.0,,0.0,9.992
2024-01-17,0.0,0.0,0.0,0.0,0.0,0.0,0.0,0.0,0.0,,,,,,,,,,,,0.0,,0.0,0.0,35967.0,357871.65,0.36,0.0,,0.0,,0.0,9.95
2024-01-18,0.0,0.0,0.0,0.0,0.0,0.0,0.0,0.0,0.0,,,,,,,,,,,,0.0,,0.0,0.0,35967.0,358626.96,0.36,0.0,,0.0,,0.0,9.971
2024-01-19,0.0,0.0,0.0,0.0,0.0,0.0,0.0,0.0,0.0,,,,,,,,,,,,0.0,,0.0,0.0,35967.0,358878.73,0.36,0.0,,0.0,,0.0,9.978
2024-01-22,0.0,0.0,0.0,0.0,0.0,0.0,0.0,0.0,0.0,,,,,,,,,,,,0.0,,0.0,0.0,35967.0,360173.54,0.36,0.0,,0.0,,0.0,10.014
2024-01-23,0.0,0.0,0.0,0.0,0.0,0.0,0.0,0.0,0.0,,,,,,,,,,,,0.0,,0.0,0.0,35967.0,360317.41,0.36,0.0,,0.0,,0.0,10.018
2024-01-24,0.0,0.0,0.0,0.0,0.0,0.0,0.0,0.0,0.0,,,,,,,,,,,,0.0,,0.0,0.0,35967.0,360749.01,0.36,0.0,,0.0,,0.0,10.03
2024-01-25,7600.0,76349.6,2.24,0.03,0.08,38174.8,3800.0,3800.0,38174.8,,,3800.0,,,,,,0.04,3800.0,,0.04,,100.0,9.56,0.0,0.0,0.0,100.0,,1.0,100.0,0.1911,10.046
2024-01-26,7600.0,76456.0,2.37,0.03,0.08,38228.0,3800.0,3800.0,38228.0,,,,,,,,,,,,0.04,,100.0,9.56,0.0,0.0,0.0,100.0,,1.0,100.0,0.1911,10.06
2024-01-29,7600.0,76471.2,2.29,0.03,0.08,38235.6,3800.0,3800.0,38235.6,,,,,,,,,,,,0.04,,100.0,9.56,0.0,0.0,0.0,100.0,,1.0,100.0,0.1911,10.062
2024-01-30,0.0,0.0,0.0,0.0,0.0,0.0,0.0,0.0,0.0,,,,0.04,,3800.0,,,,,3800.0,0.0,0.04,0.0,0.0,35967.0,361252.55,0.36,0.0,,0.0,,0.0,10.044
2024-01-31,0.0,0.0,0.0,0.0,0.0,0.0,0.0,0.0,0.0,,,,,,,,,,,,0.0,,0.0,0.0,35967.0,361108.68,0.36,0.0,,0.0,,0.0,10.04
2024-02-01,0.0,0.0,0.0,0.0,0.0,0.0,0.0,0.0,0.0,,,,,,,,,,,,0.0,,0.0,0.0,35967.0,360461.27,0.36,0.0,,0.0,,0.0,10.022
2024-02-02,0.0,0.0,0.0,0.0,0.0,0.0,0.0,0.0,0.0,,,,,,,,,,,,0.0,,0.0,0.0,35967.0,360605.14,0.36,0.0,,0.0,,0.0,10.026
2024-02-05,0.0,0.0,0.0,0.0,0.0,0.0,0.0,0.0,0.0,,,,,,,,,,,,0.0,,0.0,0.0,35967.0,359382.26,0.36,0.0,,0.0,,0.0,9.992
2024-02-06,0.0,0.0,0.0,0.0,0.0,0.0,0.0,0.0,0.0,,,,,,,,,,,,0.0,,0.0,0.0,35967.0,359813.87,0.36,0.0,,0.0,,0.0,10.004
2024-02-07,0.0,0.0,0.0,0.0,0.0,0.0,0.0,0.0,0.0,,,,,,,,,,,,0.0,,0.0,0.0,35967.0,359454.2,0.36,0.0,,0.0,,0.0,9.994
2024-02-08,0.0,0.0,0.0,0.0,0.0,0.0,0.0,0.0,0.0,,,,,,,,,,,,0.0,,0.0,0.0,35967.0,359885.8,0.36,0.0,,0.0,,0.0,10.006
2024-02-09,0.0,0.0,0.0,0.0,0.0,0.0,0.0,0.0,0.0,,,,,,,,,,,,0.0,,0.0,0.0,35967.0,360317.41,0.36,0.0,,0.0,,0.0,10.018
2024-02-12,6400.0,64204.8,2.4,0.02,0.06,32102.4,3200.0,3200.0,32102.4,,,3200.0,,,,,,0.03,3200.0,,0.03,,100.0,8.17,0.0,0.0,0.0,100.0,,1.0,100.0,0.1634,10.032
2024-02-13,6400.0,63993.6,2.56,0.02,0.06,31996.8,3200.0,3200.0,31996.8,,,,,,,,,,,,0.03,,100.0,8.17,0.0,0.0,0.0,100.0,,1.0,100.0,0.1634,9.999
2024-02-14,6400.0,64192.0,2.63,0.02,0.06,32096.0,3200.0,3200.0,32096.0,,,,,,,,,,,,0.03,,100.0,8.17,0.0,0.0,0.0,100.0,,1.0,100.0,0.1634,10.03
2024-02-15,6400.0,64256.0,2.62,0.02,0.06,32128.0,3200.0,3200.0,32128.0,,,,,,,,,,,,0.03,,100.0,8.17,0.0,0.0,0.0,100.0,,1.0,100.0,0.1634,10.04
2024-02-16,26400.0,264950.4,10.68,0.1,0.26,132475.2,13200.0,13200.0,132475.2,,0.1,,,10000.0,,0.1,,,10000.0,,0.13,,100.0,33.7,0.0,0.0,0.0,100.0,,1.0,100.0,0.674,10.036
2024-02-19,20000.0,200800.0,8.05,0.08,0.2,100400.0,10000.0,10000.0,100400.0,,,,0.03,,3200.0,,,,,3200.0,0.1,0.03,100.0,25.53,0.0,0.0,0.0,100.0,,1.0,100.0,0.5106,10.04
2024-02-20,33400.0,335202.4,20.99,0.13,0.33,167601.2,16700.0,16700.0,167601.2,,0.07,,,6700.0,,0.07,,,6700.0,,0.17,,100.0,39.14,0.0,0.0,0.0,100.0,,1.0,100.0,0.7828,10.036
2024-02-21,33400.0,335469.6,19.12,0.13,0.34,167734.8,16700.0,16700.0,167734.8,,,,,,,,,,,,0.17,,100.0,39.14,0.0,0.0,0.0,100.0,,1.0,100.0,0.7828,10.044
2024-02-22,33400.0,336004.0,19.29,0.13,0.34,168002.0,16700.0,16700.0,168002.0,,,,,,,,,,,,0.17,,100.0,39.14,0.0,0.0,0.0,100.0,,1.0,100.0,0.7828,10.06
2024-02-23,33400.0,336939.2,15.03,0.12,0.34,168469.6,16700.0,16700.0,168469.6,,,,,,,,,,,,0.17,,100.0,39.14,0.0,0.0,0.0,100.0,,1.0,100.0,0.7828,10.088
2024-02-26,73400.0,738257.2,33.1,0.27,0.74,369128.6,36700.0,36700.0,369128.6,20000.0,0.2,,,20000.0,,0.2,20000.0,,,,0.37,,100.0,86.01,0.0,0.0,0.0,100.0,,1.0,100.0,1.7203,10.058
2024-02-27,73400.0,738110.4,33.16,0.27,0.74,369055.2,36700.0,36700.0,369055.2,,,,,,,,,,,,0.37,,100.0,86.01,0.0,0.0,0.0,100.0,,1.0,100.0,1.7203,10.056
2024-02-28,73400.0,738110.4,32.87,0.27,0.74,369055.2,36700.0,36700.0,369055.2,,,,,,,,,,,,0.37,,100.0,86.01,0.0,0.0,0.0,100.0,,1.0,100.0,1.7203,10.056
2024-02-29,73400.0,739284.8,30.07,0.27,0.74,369642.4,36700.0,36700.0,369642.4,,,,,,,,,,,,0.37,,100.0,86.01,0.0,0.0,0.0,100.0,,1.0,100.0,1.7203,10.072
2024-03-01,0.0,0.0,0.0,0.0,0.0,0.0,0.0,0.0,0.0,,,,0.37,,36700.0,,,,,36700.0,0.0,0.37,0.0,0.0,42667.0,429571.36,0.43,0.0,,0.0,,0.0,10.068
2024-03-04,0.0,0.0,0.0,0.0,0.0,0.0,0.0,0.0,0.0,,,,,,,,,,,,0.0,,0.0,0.0,35967.0,362331.56,0.36,0.0,,0.0,,0.0,10.074
2024-03-05,40800.0,410937.6,16.11,0.15,0.41,205468.8,20400.0,20400.0,205468.8,,,20400.0,,,,,,0.21,20400.0,,0.21,,100.0,56.72,0.0,0.0,0.0,100.0,,1.0,100.0,1.1344,10.072
2024-03-06,40800.0,411590.4,16.2,0.15,0.41,205795.2,20400.0,20400.0,205795.2,,,,,,,,,,,,0.21,,100.0,56.72,0.0,0.0,0.0,100.0,,1.0,100.0,1.1344,10.088
2024-03-07,40800.0,411753.6,18.07,0.15,0.41,205876.8,20400.0,20400.0,205876.8,,,,,,,,,,,,0.21,,100.0,56.72,0.0,0.0,0.0,100.0,,1.0,100.0,1.1344,10.092
2024-03-08,40800.0,412896.0,17.05,0.15,0.41,206448.0,20400.0,20400.0,206448.0,,,,,,,,,,,,0.21,,100.0,56.72,0.0,0.0,0.0,100.0,,1.0,100.0,1.1344,10.12
2024-03-11,40800.0,412161.6,18.51,0.15,0.41,206080.8,20400.0,20400.0,206080.8,,,,,,,,,,,,0.21,,100.0,56.72,0.0,0.0,0.0,100.0,,1.0,100.0,1.1344,10.102
2024-03-12,69800.0,707074.0,29.46,0.26,0.71,353537.0,34900.0,34900.0,353537.0,14500.0,0.15,,,14500.0,,0.15,14500.0,,,,0.35,,100.0,97.03,0.0,0.0,0.0,100.0,,1.0,100.0,1.9407,10.13
2024-03-13,69800.0,707213.6,30.79,0.26,0.71,353606.8,34900.0,34900.0,353606.8,,,,,,,,,,,,0.35,,100.0,97.03,0.0,0.0,0.0,100.0,,1.0,100.0,1.9407,10.132
2024-03-14,69800.0,704840.4,29.5,0.26,0.71,352420.2,34900.0,34900.0,352420.2,,,,,,,,,,,,0.35,,100.0,97.03,0.0,0.0,0.0,100.0,,1.0,100.0,1.9407,10.098
2024-03-15,69800.0,705119.6,27.72,0.26,0.71,352559.8,34900.0,34900.0,352559.8,,,,,,,,,,,,0.35,,100.0,97.03,0.0,0.0,0.0,100.0,,1.0,100.0,1.9407,10.102
2024-03-18,69800.0,704421.6,32.83,0.26,0.7,352210.8,34900.0,34900.0,352210.8,,,,,,,,,,,,0.35,,100.0,97.03,0.0,0.0,0.0,100.0,,1.0,100.0,1.9407,10.092
2024-03-19,69800.0,704980.0,33.05,0.26,0.7,352490.0,34900.0,34900.0,352490.0,,,,,,,,,,,,0.35,,100.0,97.03,0.0,0.0,0.0,100.0,,1.0,100.0,1.9407,10.1
2024-03-20,69800.0,704700.8,33.39,0.26,0.71,352350.4,34900.0,34900.0,352350.4,,,,,,,,,,,,0.35,,100.0,97.03,0.0,0.0,0.0,100.0,,1.0,100.0,1.9407,10.096
2024-03-21,69800.0,705817.6,33.29,0.26,0.7,352908.8,34900.0,34900.0,352908.8,,,,,,,,,,,,0.35,,100.0,97.03,0.0,0.0,0.0,100.0,,1.0,100.0,1.9407,10.112
2024-03-22,69800.0,703723.6,34.17,0.26,0.71,351861.8,34900.0,34900.0,351861.8,,,,,,,,,,,,0.35,,100.0,97.03,0.0,0.0,0.0,100.0,,1.0,100.0,1.9407,10.082
2024-03-25,69800.0,705817.6,33.86,0.26,0.7,352908.8,34900.0,34900.0,352908.8,,,,,,,,,,,,0.35,,100.0,97.03,0.0,0.0,0.0,100.0,,1.0,100.0,1.9407,10.112
2024-03-26,69800.0,705119.6,33.34,0.25,0.71,352559.8,34900.0,34900.0,352559.8,,,,,,,,,,,,0.35,,100.0,97.03,0.0,0.0,0.0,100.0,,1.0,100.0,1.9407,10.102
2024-03-27,0.0,0.0,0.0,0.0,0.0,0.0,0.0,0.0,0.0,,,,0.35,,34900.0,,,,,34900.0,0.0,0.35,0.0,0.0,35967.0,363122.83,0.36,0.0,,0.0,,0.0,10.096
2024-03-28,0.0,0.0,0.0,0.0,0.0,0.0,0.0,0.0,0.0,,,,,,,,,,,,0.0,,0.0,0.0,35967.0,363482.5,0.36,0.0,,0.0,,0.0,10.106
2024-03-29,0.0,0.0,0.0,0.0,0.0,0.0,0.0,0.0,0.0,,,,,,,,,,,,0.0,,0.0,0.0,35967.0,363482.5,0.36,0.0,,0.0,,0.0,
2024-04-01,0.0,0.0,0.0,0.0,0.0,0.0,0.0,0.0,0.0,,,,,,,,,,,,0.0,,0.0,0.0,35967.0,363482.5,0.36,0.0,,0.0,,0.0,
2024-04-02,0.0,0.0,0.0,0.0,0.0,0.0,0.0,0.0,0.0,,,,,,,,,,,,0.0,,0.0,0.0,37967.0,382935.16,0.36,0.0,,0.0,,0.0,10.086
2024-04-03,0.0,0.0,0.0,0.0,0.0,0.0,0.0,0.0,0.0,,,,,,,,,,,,0.0,,0.0,0.0,37967.0,383087.03,0.36,0.0,,0.0,,0.0,10.09
2024-04-04,0.0,0.0,0.0,0.0,0.0,0.0,0.0,0.0,0.0,,,,,,,,,,,,0.0,,0.0,0.0,37967.0,383770.44,0.36,0.0,,0.0,,0.0,10.108
2024-04-05,0.0,0.0,0.0,0.0,0.0,0.0,0.0,0.0,0.0,,,,,,,,,,,,0.0,,0.0,0.0,37967.0,384301.97,0.36,0.0,,0.0,,0.0,10.122
2024-04-08,0.0,0.0,0.0,0.0,0.0,0.0,0.0,0.0,0.0,,,,,,,,,,,,0.0,,0.0,0.0,37967.0,384833.51,0.36,0.0,,0.0,,0.0,10.136
2024-04-09,0.0,0.0,0.0,0.0,0.0,0.0,0.0,0.0,0.0,,,,,,,,,,,,0.0,,0.0,0.0,37967.0,383694.5,0.36,0.0,,0.0,,0.0,10.106
2024-04-10,0.0,0.0,0.0,0.0,0.0,0.0,0.0,0.0,0.0,,,,,,,,,,,,0.0,,0.0,0.0,37967.0,383618.57,0.36,0.0,,0.0,,0.0,10.104
2024-04-11,0.0,0.0,0.0,0.0,0.0,0.0,0.0,0.0,0.0,,,,,,,,,,,,0.0,,0.0,0.0,37967.0,382327.69,0.36,0.0,,0.0,,0.0,10.07
2024-04-12,0.0,0.0,0.0,0.0,0.0,0.0,0.0,0.0,0.0,,,,,,,,,,,,0.0,,0.0,0.0,37967.0,382403.62,0.36,0.0,,0.0,,0.0,10.072
2024-04-15,0.0,0.0,0.0,0.0,0.0,0.0,0.0,0.0,0.0,,,,,,,,,,,,0.0,,0.0,0.0,37967.0,380884.94,0.36,0.0,,0.0,,0.0,10.032
2024-04-16,0.0,0.0,0.0,0.0,0.0,0.0,0.0,0.0,0.0,,,,,,,,,,,,0.0,,0.0,0.0,37967.0,379973.74,0.36,0.0,,0.0,,0.0,10.008
2024-04-17,0.0,0.0,0.0,0.0,0.0,0.0,0.0,0.0,0.0,,,,,,,,,,,,0.0,,0.0,0.0,37967.0,380733.08,0.37,0.0,,0.0,,0.0,10.028
2024-04-18,0.0,0.0,0.0,0.0,0.0,0.0,0.0,0.0,0.0,,,,,,,,,,,,0.0,,0.0,0.0,37967.0,381340.55,0.36,0.0,,0.0,,0.0,10.044
2024-04-19,0.0,0.0,0.0,0.0,0.0,0.0,0.0,0.0,0.0,,,,,,,,,,,,0.0,,0.0,0.0,37967.0,381264.61,0.36,0.0,,0.0,,0.0,10.042
2024-04-22,0.0,0.0,0.0,0.0,0.0,0.0,0.0,0.0,0.0,,,,,,,,,,,,0.0,,0.0,0.0,37967.0,382327.69,0.36,0.0,,0.0,,0.0,10.07
2024-04-23,0.0,0.0,0.0,0.0,0.0,0.0,0.0,0.0,0.0,,,,,,,,,,,,0.0,,0.0,0.0,37967.0,383922.3,0.36,0.0,,0.0,,0.0,10.112
2024-04-24,0.0,0.0,0.0,0.0,0.0,0.0,0.0,0.0,0.0,,,,,,,,,,,,0.0,,0.0,0.0,37967.0,382327.69,0.36,0.0,,0.0,,0.0,10.07
2024-04-25,0.0,0.0,0.0,0.0,0.0,0.0,0.0,0.0,0.0,,,,,,,,,,,,0.0,,0.0,0.0,37967.0,381568.35,0.36,0.0,,0.0,,0.0,10.05
2024-04-26,0.0,0.0,0.0,0.0,0.0,0.0,0.0,0.0,0.0,,,,,,,,,,,,0.0,,0.0,0.0,37967.0,383162.96,0.36,0.0,,0.0,,0.0,10.092
2024-04-29,0.0,0.0,0.0,0.0,0.0,0.0,0.0,0.0,0.0,,,,,,,,,,,,0.0,,0.0,0.0,37967.0,383314.83,0.37,0.0,,0.0,,0.0,10.096
2024-04-30,0.0,0.0,0.0,0.0,0.0,0.0,0.0,0.0,0.0,,,,,,,,,,,,0.0,,0.0,0.0,37967.0,382631.43,0.36,0.0,,0.0,,0.0,10.078
2024-05-01,0.0,0.0,0.0,0.0,0.0,0.0,0.0,0.0,0.0,,,,,,,,,,,,0.0,,0.0,0.0,35967.0,362475.43,0.36,0.0,,0.0,,0.0,
2024-05-02,0.0,0.0,0.0,0.0,0.0,0.0,0.0,0.0,0.0,,,,,,,,,,,,0.0,,0.0,0.0,37967.0,382935.16,0.36,0.0,,0.0,,0.0,10.086
2024-05-03,0.0,0.0,0.0,0.0,0.0,0.0,0.0,0.0,0.0,,,,,,,,,,,,0.0,,0.0,0.0,37967.0,384301.97,0.36,0.0,,0.0,,0.0,10.122
2024-05-06,1000.0,10134.0,0.49,0.0,0.01,0.0,1000.0,0.0,10134.0,,,,,,,,,,1000.0,,0.01,,100.0,2.57,0.0,0.0,0.0,100.0,,1.0,100.0,0.0257,10.134
2024-05-07,1000.0,10152.0,0.49,0.0,0.01,0.0,1000.0,0.0,10152.0,,,,,,,,,,,,0.01,,100.0,2.57,0.0,0.0,0.0,100.0,,1.0,100.0,0.0257,10.152
2024-05-08,1000.0,10146.0,0.5,0.0,0.01,0.0,1000.0,0.0,10146.0,,,,,,,,,,,,0.01,,100.0,2.57,0.0,0.0,0.0,100.0,,1.0,100.0,0.0257,10.146
2024-05-09,1000.0,10114.0,0.48,0.0,0.01,0.0,1000.0,0.0,10114.0,,,,,,,,,,,,0.01,,100.0,2.57,0.0,0.0,0.0,100.0,,1.0,100.0,0.0257,10.114
2024-05-10,36000.0,364176.0,17.21,0.12,0.36,0.0,36000.0,0.0,364176.0,,,,,,,,,,35000.0,,0.36,,100.0,92.39,0.0,0.0,0.0,100.0,,1.0,100.0,0.9239,10.116
2024-05-13,1000.0,10120.0,0.48,0.0,0.01,0.0,1000.0,0.0,10120.0,,,,0.35,,35000.0,,,,,,0.01,,100.0,2.57,0.0,0.0,0.0,100.0,,1.0,100.0,0.0257,10.12
2024-05-14,1000.0,10118.0,0.83,0.0,0.01,0.0,1000.0,0.0,10118.0,,,,,,,,,,,,0.01,,100.0,2.57,0.0,0.0,0.0,100.0,,1.0,100.0,0.0257,10.118
2024-05-15,1000.0,10148.0,0.79,0.0,0.01,0.0,1000.0,0.0,10148.0,,,,,,,,,,,,0.01,,100.0,2.57,0.0,0.0,0.0,100.0,,1.0,100.0,0.0257,10.148
2024-05-16,1000.0,10156.0,0.77,0.0,0.01,0.0,1000.0,0.0,10156.0,,,,,,,,,,,,0.01,,100.0,2.57,0.0,0.0,0.0,100.0,,1.0,100.0,0.0257,10.156
2024-05-17,1000.0,10154.0,0.76,0.0,0.01,0.0,1000.0,0.0,10154.0,,,,,,,,,,,,0.01,,100.0,2.57,0.0,0.0,0.0,100.0,,1.0,100.0,0.0257,10.154
2024-05-20,1000.0,10162.0,0.74,0.0,0.01,0.0,1000.0,0.0,10162.0,,,,,,,,,,,,0.01,,100.0,2.57,0.0,0.0,0.0,100.0,,1.0,100.0,0.0257,10.162
2024-05-21,1000.0,10170.0,0.74,0.0,0.01,0.0,1000.0,0.0,10170.0,,,,,,,,,,,,0.01,,100.0,2.57,0.0,0.0,0.0,100.0,,1.0,100.0,0.0257,10.17
2024-05-22,1000.0,10166.0,0.71,0.0,0.01,0.0,1000.0,0.0,10166.0,,,,,,,,,,,,0.01,,100.0,2.57,0.0,0.0,0.0,100.0,,1.0,100.0,0.0257,10.166
2024-05-23,1000.0,10150.0,0.76,0.0,0.01,0.0,1000.0,0.0,10150.0,,,,,,,,,,,,0.01,,100.0,2.57,0.0,0.0,0.0,100.0,,1.0,100.0,0.0257,10.15
2024-05-24,35168.0,357306.88,25.64,0.12,0.36,0.0,35168.0,0.0,357306.88,,,,,,,,,,34168.0,,0.36,,100.0,90.25,0.0,0.0,0.0,100.0,,1.0,100.0,0.9025,10.16
2024-05-27,1000.0,10174.0,0.72,0.0,0.01,0.0,1000.0,0.0,10174.0,,,,0.35,,34168.0,,,,,,0.01,,100.0,2.57,0.0,0.0,0.0,100.0,,1.0,100.0,0.0257,10.174
2024-05-28,1000.0,10166.0,0.72,0.0,0.01,0.0,1000.0,0.0,10166.0,,,,,,,,,,,,0.01,,100.0,2.57,0.0,0.0,0.0,100.0,,1.0,100.0,0.0257,10.166
2024-05-29,35168.0,356814.53,25.96,0.12,0.36,0.0,35168.0,0.0,356814.53,,,,,,,,,,34168.0,,0.36,,100.0,90.25,0.0,0.0,0.0,100.0,,1.0,100.0,0.9025,10.146
2024-05-30,35168.0,357025.54,26.41,0.12,0.36,0.0,35168.0,0.0,357025.54,,,,,,,,,,,,0.36,,100.0,90.25,0.0,0.0,0.0,100.0,,1.0,100.0,0.9025,10.152
2024-05-31,1000.0,10150.0,1.03,0.0,0.01,0.0,1000.0,0.0,10150.0,,,,0.34,,34168.0,,,,,,0.01,,100.0,2.57,0.0,0.0,0.0,100.0,,1.0,100.0,0.0257,10.15
2024-06-03,1000.0,10176.0,1.03,0.0,0.01,0.0,1000.0,0.0,10176.0,,,,,,,,,,,,0.01,,100.0,2.57,0.0,0.0,0.0,100.0,,1.0,100.0,0.0257,10.176
2024-06-04,34800.0,354472.8,30.97,0.12,0.35,0.0,34800.0,0.0,354472.8,,,,,,,,,,33800.0,,0.35,,100.0,89.31,0.0,0.0,0.0,100.0,,1.0,100.0,0.8931,10.186
2024-06-05,1000.0,10204.0,0.89,0.0,0.01,0.0,1000.0,0.0,10204.0,,,,0.34,,33800.0,,,,,,0.01,,100.0,2.57,0.0,0.0,0.0,100.0,,1.0,100.0,0.0257,10.204
2024-06-06,2057.0,20981.4,2.35,0.01,0.02,0.0,2057.0,0.0,20981.4,,,,,,,,,,1057.0,,0.02,,100.0,5.28,0.0,0.0,0.0,100.0,,1.0,100.0,0.0528,10.2
2024-06-07,68000.0,692920.0,76.58,0.23,0.7,346460.0,35000.0,34000.0,356650.0,32943.0,,34000.0,,,,,32943.0,0.35,,,0.36,,100.0,89.82,0.0,0.0,0.0,100.0,,1.0,100.0,1.7451,10.19
2024-06-10,68000.0,691696.0,73.24,0.23,0.66,345848.0,35000.0,34000.0,356020.0,,,,,,,,,,,,0.32,,100.0,89.82,0.0,0.0,0.0,100.0,,1.0,100.0,1.7451,10.172
2024-06-11,68000.0,690336.0,66.57,0.23,0.69,345168.0,35000.0,34000.0,355320.0,,,,,,,,,,,,0.35,,100.0,89.82,0.0,0.0,0.0,100.0,,1.0,100.0,1.7451,10.152
2024-06-12,68000.0,693192.0,49.73,0.23,0.7,346596.0,35000.0,34000.0,356790.0,,,,,,,,,,,,0.36,,100.0,89.82,0.0,0.0,0.0,100.0,,1.0,100.0,1.7451,10.194
2024-06-13,68000.0,691016.0,49.51,0.23,0.69,345508.0,35000.0,34000.0,355670.0,,,,,,,,,,,,0.36,,100.0,89.82,0.0,0.0,0.0,100.0,,1.0,100.0,1.7451,10.162
2024-06-14,68000.0,688296.0,43.45,0.23,0.66,344148.0,35000.0,34000.0,354270.0,,,,,,,,,,,,0.32,,100.0,89.82,0.0,0.0,0.0,100.0,,1.0,100.0,1.7451,10.122
2024-06-17,68000.0,688704.0,41.99,0.23,0.69,344352.0,35000.0,34000.0,354480.0,,,,,,,,,,,,0.35,,100.0,89.82,0.0,0.0,0.0,100.0,,1.0,100.0,1.7451,10.128
2024-06-18,68000.0,690744.0,42.21,0.25,0.69,345372.0,35000.0,34000.0,355530.0,,,,,,,,,,,,0.36,,100.0,89.82,0.0,0.0,0.0,100.0,,1.0,100.0,1.7451,10.158
2024-06-19,68000.0,690064.0,42.21,0.25,0.69,345032.0,35000.0,34000.0,355180.0,1057.0,,,,,,,1057.0,,,,0.36,,100.0,89.82,0.0,0.0,0.0,100.0,,1.0,100.0,1.7451,10.148
2024-06-20,68000.0,690880.0,45.53,0.25,0.69,345440.0,35000.0,34000.0,355600.0,,,,,,,,,,,,0.36,,100.0,89.82,0.0,0.0,0.0,100.0,,1.0,100.0,1.7451,10.16
2024-06-21,68000.0,688840.0,46.68,0.27,0.69,344420.0,35000.0,34000.0,354550.0,,,,,,,,,,,,0.35,,100.0,89.82,0.0,0.0,0.0,100.0,,1.0,100.0,1.7451,10.13
2024-06-24,68000.0,691424.0,14.12,0.27,0.69,345712.0,35000.0,34000.0,355880.0,,,,,,,,,,,,0.36,,100.0,89.82,0.0,0.0,0.0,100.0,,1.0,100.0,1.7451,10.168
2024-06-25,69677.0,708475.74,14.41,0.27,0.71,342763.28,36967.0,33710.0,375880.46,1967.0,,,,,,,1967.0,,,290.0,0.38,0.0,100.0,94.87,0.0,0.0,0.0,100.0,,1.0,100.0,1.7881,10.168
2024-06-26,69677.0,707918.32,14.12,0.27,0.71,342493.6,36967.0,33710.0,375584.72,,,,,,,,,,,,0.38,,100.0,94.87,0.0,0.0,0.0,100.0,,1.0,100.0,1.7881,10.16
2024-06-27,67420.0,683638.8,13.73,0.26,0.68,341819.4,34710.0,33710.0,351959.4,,,,0.02,,2257.0,,,,,,0.35,,100.0,89.08,0.0,0.0,0.0,100.0,,1.0,100.0,1.7302,10.14
2024-06-28,67420.0,686335.6,13.79,0.29,0.68,343167.8,34710.0,33710.0,353347.8,,,,,,,,,,,,0.35,,100.0,89.08,0.0,0.0,0.0,100.0,,1.0,100.0,1.7302,10.18
2024-07-01,67420.0,686470.44,9.22,0.29,0.65,343235.22,34710.0,33710.0,353417.22,,,,,,,,,,,,0.32,,100.0,89.08,0.0,0.0,0.0,100.0,,1.0,100.0,1.7302,10.182
2024-07-02,1000.0,10200.0,0.14,0.0,0.01,0.0,1000.0,0.0,10200.0,,,,0.31,,33710.0,,,,,33710.0,0.01,0.34,100.0,2.57,0.0,0.0,0.0,100.0,,1.0,100.0,0.0257,10.2
2024-07-03,1000.0,10230.0,0.14,0.0,0.01,0.0,1000.0,0.0,10230.0,,,,,,,,,,,,0.01,,100.0,33.33,0.0,0.0,0.0,100.0,,1.0,100.0,0.3333,10.23
2024-07-04,0.0,0.0,0.0,0.0,0.0,0.0,0.0,0.0,0.0,,,,0.01,,1000.0,,,,,,0.0,,0.0,0.0,2000.0,20460.0,0.0,0.0,,0.0,,0.0,10.23
2024-07-05,0.0,0.0,0.0,0.0,0.0,0.0,0.0,0.0,0.0,,,,,,,,,,,,0.0,,0.0,0.0,2000.0,20476.0,0.0,0.0,,0.0,,0.0,10.238
2024-07-08,0.0,0.0,0.0,0.0,0.0,0.0,0.0,0.0,0.0,,,,,,,,,,,,0.0,,0.0,0.0,2000.0,20508.0,0.0,0.0,,0.0,,0.0,10.254
2024-07-09,0.0,0.0,0.0,0.0,0.0,0.0,0.0,0.0,0.0,,,,,,,,,,,,0.0,,0.0,0.0,2000.0,20472.0,0.0,0.0,,0.0,,0.0,10.236
2024-07-10,0.0,0.0,0.0,0.0,0.0,0.0,0.0,0.0,0.0,,,,,,,,,,,,0.0,,0.0,0.0,2000.0,20516.0,0.0,0.0,,0.0,,0.0,10.258
2024-07-11,0.0,0.0,0.0,0.0,0.0,0.0,0.0,0.0,0.0,,,,,,,,,,,,0.0,,0.0,0.0,2000.0,20632.0,0.0,0.0,,0.0,,0.0,10.316
2024-07-12,0.0,0.0,0.0,0.0,0.0,0.0,0.0,0.0,0.0,,,,,,,,,,,,0.0,,0.0,0.0,2000.0,20616.0,0.0,0.0,,0.0,,0.0,10.308
2024-07-15,0.0,0.0,0.0,0.0,0.0,0.0,0.0,0.0,0.0,,,,,,,,,,,,0.0,,0.0,0.0,2000.0,20596.0,0.0,0.0,,0.0,,0.0,10.298
2024-07-16,0.0,0.0,0.0,0.0,0.0,0.0,0.0,0.0,0.0,,,,,,,,,,,,0.0,,0.0,0.0,2000.0,20620.0,0.0,0.0,,0.0,,0.0,10.31
2024-07-17,0.0,0.0,0.0,0.0,0.0,0.0,0.0,0.0,0.0,,,,,,,,,,,,0.0,,0.0,0.0,2000.0,20592.0,0.0,0.0,,0.0,,0.0,10.296
2024-07-18,0.0,0.0,0.0,0.0,0.0,0.0,0.0,0.0,0.0,,,,,,,,,,,,0.0,,0.0,0.0,2000.0,20600.0,0.0,0.0,,0.0,,0.0,10.3
2024-07-19,0.0,0.0,0.0,0.0,0.0,0.0,0.0,0.0,0.0,,,,,,,,,,,,0.0,,0.0,0.0,2000.0,20580.0,0.0,0.0,,0.0,,0.0,10.29
2024-07-22,0.0,0.0,0.0,0.0,0.0,0.0,0.0,0.0,0.0,,,,,,,,,,,,0.0,,0.0,0.0,2000.0,20576.0,0.0,0.0,,0.0,,0.0,10.288
2024-07-23,0.0,0.0,0.0,0.0,0.0,0.0,0.0,0.0,0.0,,,,,,,,,,,,0.0,,0.0,0.0,2000.0,20600.0,0.0,0.0,,0.0,,0.0,10.3
2024-07-24,0.0,0.0,0.0,0.0,0.0,0.0,0.0,0.0,0.0,,,,,,,,,,,,0.0,,0.0,0.0,2000.0,20580.0,0.0,0.0,,0.0,,0.0,10.29
2024-07-25,0.0,0.0,0.0,0.0,0.0,0.0,0.0,0.0,0.0,,,,,,,,,,,,0.0,,0.0,0.0,2000.0,20600.0,0.0,0.0,,0.0,,0.0,10.3
2024-07-26,0.0,0.0,0.0,0.0,0.0,0.0,0.0,0.0,0.0,,,,,,,,,,,,0.0,,0.0,0.0,2000.0,20636.0,0.0,0.0,,0.0,,0.0,10.318
2024-07-29,0.0,0.0,0.0,0.0,0.0,0.0,0.0,0.0,0.0,,,,,,,,,,,,0.0,,0.0,0.0,2000.0,20616.0,0.0,0.0,,0.0,,0.0,10.308
2024-07-30,0.0,0.0,0.0,0.0,0.0,0.0,0.0,0.0,0.0,,,,,,,,,,,,0.0,,0.0,0.0,2000.0,20652.0,0.0,0.0,,0.0,,0.0,10.326
2024-07-31,0.0,0.0,0.0,0.0,0.0,0.0,0.0,0.0,0.0,,,,,,,,,,,,0.0,,0.0,0.0,2000.0,20696.0,0.0,0.0,,0.0,,0.0,10.348
2024-08-01,0.0,0.0,0.0,0.0,0.0,0.0,0.0,0.0,0.0,,,,,,,,,,,,0.0,,0.0,0.0,2000.0,20684.0,0.0,0.0,,0.0,,0.0,10.342
2024-08-02,0.0,0.0,0.0,0.0,0.0,0.0,0.0,0.0,0.0,,,,,,,,,,,,0.0,,0.0,0.0,2000.0,20572.0,0.0,0.0,,0.0,,0.0,10.286
2024-08-05,0.0,0.0,0.0,0.0,0.0,0.0,0.0,0.0,0.0,,,,,,,,,,,,0.0,,0.0,0.0,2000.0,20544.0,0.0,0.0,,0.0,,0.0,10.272
2024-08-06,0.0,0.0,0.0,0.0,0.0,0.0,0.0,0.0,0.0,,,,,,,,,,,,0.0,,0.0,0.0,2000.0,20564.0,0.0,0.0,,0.0,,0.0,10.282
2024-08-07,0.0,0.0,0.0,0.0,0.0,0.0,0.0,0.0,0.0,,,,,,,,,,,,0.0,,0.0,0.0,2000.0,20640.0,0.0,0.0,,0.0,,0.0,10.32
2024-08-08,0.0,0.0,0.0,0.0,0.0,0.0,0.0,0.0,0.0,,,,,,,,,,,,0.0,,0.0,0.0,2000.0,20684.0,0.0,0.0,,0.0,,0.0,10.342
2024-08-09,0.0,0.0,0.0,0.0,0.0,0.0,0.0,0.0,0.0,,,,,,,,,,,,0.0,,0.0,0.0,2000.0,20700.0,0.0,0.0,,0.0,,0.0,10.35
2024-08-12,0.0,0.0,0.0,0.0,0.0,0.0,0.0,0.0,0.0,,,,,,,,,,,,0.0,,0.0,0.0,2000.0,20720.0,0.0,0.0,,0.0,,0.0,10.36
2024-08-13,0.0,0.0,0.0,0.0,0.0,0.0,0.0,0.0,0.0,,,,,,,,,,,,0.0,,0.0,0.0,2000.0,20744.0,0.0,0.0,,0.0,,0.0,10.372
2024-08-14,0.0,0.0,0.0,0.0,0.0,0.0,0.0,0.0,0.0,,,,,,,,,,,,0.0,,0.0,0.0,2000.0,20764.0,0.0,0.0,,0.0,,0.0,10.382
2024-08-15,,,,,,,,,,,,,,,,,,,,,,,,,,,,,,,,,10.39
2024-08-16,0.0,0.0,0.0,0.0,0.0,0.0,0.0,0.0,0.0,,,,,,,,,,,,0.0,,0.0,0.0,2000.0,20800.0,0.0,0.0,,0.0,,0.0,10.4
2024-08-19,0.0,0.0,0.0,0.0,0.0,0.0,0.0,0.0,0.0,,,,,,,,,,,,0.0,,0.0,0.0,2000.0,20820.0,0.0,0.0,,0.0,,0.0,10.41
2024-08-20,0.0,0.0,0.0,0.0,0.0,0.0,0.0,0.0,0.0,,,,,,,,,,,,0.0,,0.0,0.0,2000.0,20824.0,0.0,0.0,,0.0,,0.0,10.412
2024-08-21,0.0,0.0,0.0,0.0,0.0,0.0,0.0,0.0,0.0,,,,,,,,,,,,0.0,,0.0,0.0,2000.0,20892.0,0.0,0.0,,0.0,,0.0,10.446
2024-08-22,0.0,0.0,0.0,0.0,0.0,0.0,0.0,0.0,0.0,,,,,,,,,,,,0.0,,0.0,0.0,2000.0,20828.0,0.0,0.0,,0.0,,0.0,10.414
2024-08-23,0.0,0.0,0.0,0.0,0.0,0.0,0.0,0.0,0.0,,,,,,,,,,,,0.0,,0.0,0.0,2000.0,20892.0,0.0,0.0,,0.0,,0.0,10.446
2024-08-26,0.0,0.0,0.0,0.0,0.0,0.0,0.0,0.0,0.0,,,,,,,,,,,,0.0,,0.0,0.0,2000.0,20884.0,0.0,0.0,,0.0,,0.0,10.442
2024-08-27,0.0,0.0,0.0,0.0,0.0,0.0,0.0,0.0,0.0,,,,,,,,,,,,0.0,,0.0,0.0,2000.0,20868.0,0.0,0.0,,0.0,,0.0,10.434
2024-08-28,0.0,0.0,0.0,0.0,0.0,0.0,0.0,0.0,0.0,,,,,,,,,,,,0.0,,0.0,0.0,2000.0,20836.0,0.0,0.0,,0.0,,0.0,10.418
2024-08-29,0.0,0.0,0.0,0.0,0.0,0.0,0.0,0.0,0.0,,,,,,,,,,,,0.0,,0.0,0.0,2000.0,20860.0,0.0,0.0,,0.0,,0.0,10.43
2024-08-30,0.0,0.0,0.0,0.0,0.0,0.0,0.0,0.0,0.0,,,,,,,,,,,,0.0,,0.0,0.0,2000.0,20904.0,0.0,0.0,,0.0,,0.0,10.452
2024-09-02,0.0,0.0,0.0,0.0,0.0,0.0,0.0,0.0,0.0,,,,,,,,,,,,0.0,,0.0,0.0,2000.0,20828.0,0.0,0.0,,0.0,,0.0,10.414
2024-09-03,0.0,0.0,0.0,0.0,0.0,0.0,0.0,0.0,0.0,,,,,,,,,,,,0.0,,0.0,0.0,2000.0,20852.0,0.0,0.0,,0.0,,0.0,10.426
2024-09-04,0.0,0.0,0.0,0.0,0.0,0.0,0.0,0.0,0.0,,,,,,,,,,,,0.0,,0.0,0.0,2000.0,20852.0,0.0,0.0,,0.0,,0.0,10.426
2024-09-05,0.0,0.0,0.0,0.0,0.0,0.0,0.0,0.0,0.0,,,,,,,,,,,,0.0,,0.0,0.0,2000.0,20836.0,0.0,0.0,,0.0,,0.0,10.418
2024-09-06,0.0,0.0,0.0,0.0,0.0,0.0,0.0,0.0,0.0,,,,,,,,,,,,0.0,,0.0,0.0,2000.0,20844.0,0.0,0.0,,0.0,,0.0,10.422
2024-09-09,0.0,0.0,0.0,0.0,0.0,0.0,0.0,0.0,0.0,,,,,,,,,,,,0.0,,0.0,0.0,2000.0,20848.0,0.0,0.0,,0.0,,0.0,10.424
2024-09-10,0.0,0.0,0.0,0.0,0.0,0.0,0.0,0.0,0.0,,,,,,,,,,,,0.0,,0.0,0.0,2000.0,20860.0,0.0,0.0,,0.0,,0.0,10.43
2024-09-11,0.0,0.0,0.0,0.0,0.0,0.0,0.0,0.0,0.0,,,,,,,,,,,,0.0,,0.0,0.0,2000.0,20848.0,0.0,0.0,,0.0,,0.0,10.424
2024-09-12,0.0,0.0,0.0,0.0,0.0,0.0,0.0,0.0,0.0,,,,,,,,,,,,0.0,,0.0,0.0,2000.0,20832.0,0.0,0.0,,0.0,,0.0,10.416
2024-09-13,0.0,0.0,0.0,0.0,0.0,0.0,0.0,0.0,0.0,,,,,,,,,,,,0.0,,0.0,0.0,2000.0,20936.0,0.0,0.0,,0.0,,0.0,10.468
2024-09-16,0.0,0.0,0.0,0.0,0.0,0.0,0.0,0.0,0.0,,,,,,,,,,,,0.0,,0.0,0.0,2000.0,20940.0,0.0,0.0,,0.0,,0.0,10.47
2024-09-17,0.0,0.0,0.0,0.0,0.0,0.0,0.0,0.0,0.0,,,,,,,,,,,,0.0,,0.0,0.0,2000.0,20968.0,0.0,0.0,,0.0,,0.0,10.484
2024-09-18,0.0,0.0,0.0,0.0,0.0,0.0,0.0,0.0,0.0,,,,,,,,,,,,0.0,,0.0,0.0,2000.0,20948.0,0.0,0.0,,0.0,,0.0,10.474
2024-09-19,0.0,0.0,0.0,0.0,0.0,0.0,0.0,0.0,0.0,,,,,,,,,,,,0.0,,0.0,0.0,2000.0,21036.0,0.0,0.0,,0.0,,0.0,10.518
2024-09-20,0.0,0.0,0.0,0.0,0.0,0.0,0.0,0.0,0.0,,,,,,,,,,,,0.0,,0.0,0.0,2000.0,20980.0,0.0,0.0,,0.0,,0.0,10.49
2024-09-23,0.0,0.0,0.0,0.0,0.0,0.0,0.0,0.0,0.0,,,,,,,,,,,,0.0,,0.0,0.0,2000.0,20968.0,0.0,0.0,,0.0,,0.0,10.484
2024-09-24,0.0,0.0,0.0,0.0,0.0,0.0,0.0,0.0,0.0,,,,,,,,,,,,0.0,,0.0,0.0,2000.0,21024.0,0.0,0.0,,0.0,,0.0,10.512
2024-09-25,0.0,0.0,0.0,0.0,0.0,0.0,0.0,0.0,0.0,,,,,,,,,,,,0.0,,0.0,0.0,3000.0,31482.0,0.0,0.0,,0.0,,0.0,10.494
2024-09-26,0.0,0.0,0.0,0.0,0.0,0.0,0.0,0.0,0.0,,,,,,,,,,,,0.0,,0.0,0.0,3000.0,31584.0,0.0,0.0,,0.0,,0.0,10.528
2024-09-27,0.0,0.0,0.0,0.0,0.0,0.0,0.0,0.0,0.0,,,,,,,,,,,,0.0,,0.0,0.0,3000.0,31608.0,0.0,0.0,,0.0,,0.0,10.536
2024-09-30,0.0,0.0,0.0,0.0,0.0,0.0,0.0,0.0,0.0,,,,,,,,,,,,0.0,,0.0,0.0,3000.0,31482.0,0.0,0.0,,0.0,,0.0,10.494
2024-10-01,0.0,0.0,0.0,0.0,0.0,0.0,0.0,0.0,0.0,,,,,,,,,,,,0.0,,0.0,0.0,3000.0,31578.0,0.0,0.0,,0.0,,0.0,10.526
2024-10-02,0.0,0.0,0.0,0.0,0.0,0.0,0.0,0.0,0.0,,,,,,,,,,,,0.0,,0.0,0.0,3000.0,31554.0,0.0,0.0,,0.0,,0.0,10.518
2024-10-03,0.0,0.0,0.0,0.0,0.0,0.0,0.0,0.0,0.0,,,,,,,,,,,,0.0,,0.0,0.0,3000.0,31560.0,0.0,0.0,,0.0,,0.0,10.52
2024-10-04,0.0,0.0,0.0,0.0,0.0,0.0,0.0,0.0,0.0,,,,,,,,,,,,0.0,,0.0,0.0,3000.0,31566.0,0.0,0.0,,0.0,,0.0,10.522
2024-10-07,0.0,0.0,0.0,0.0,0.0,0.0,0.0,0.0,0.0,,,,,,,,,,,,0.0,,0.0,0.0,3000.0,31596.0,0.0,0.0,,0.0,,0.0,10.532
2024-10-08,0.0,0.0,0.0,0.0,0.0,0.0,0.0,0.0,0.0,,,,,,,,,,,,0.0,,0.0,0.0,3000.0,31542.0,0.0,0.0,,0.0,,0.0,10.514
2024-10-09,0.0,0.0,0.0,0.0,0.0,0.0,0.0,0.0,0.0,,,,,,,,,,,,0.0,,0.0,0.0,3000.0,31488.0,0.0,0.0,,0.0,,0.0,10.496
2024-10-10,0.0,0.0,0.0,0.0,0.0,0.0,0.0,0.0,0.0,,,,,,,,,,,,0.0,,0.0,0.0,3000.0,31560.0,0.0,0.0,,0.0,,0.0,10.52
2024-10-11,0.0,0.0,0.0,0.0,0.0,0.0,0.0,0.0,0.0,,,,,,,,,,,,0.0,,0.0,0.0,3000.0,31590.0,0.0,0.0,,0.0,,0.0,10.53
2024-10-14,0.0,0.0,0.0,0.0,0.0,0.0,0.0,0.0,0.0,,,,,,,,,,,,0.0,,0.0,0.0,3000.0,31674.0,0.0,0.0,,0.0,,0.0,10.558
2024-10-15,0.0,0.0,0.0,0.0,0.0,0.0,0.0,0.0,0.0,,,,,,,,,,,,0.0,,0.0,0.0,3000.0,31638.0,0.0,0.0,,0.0,,0.0,10.546
2024-10-16,0.0,0.0,0.0,0.0,0.0,0.0,0.0,0.0,0.0,,,,,,,,,,,,0.0,,0.0,0.0,3000.0,31656.0,0.0,0.0,,0.0,,0.0,10.552
2024-10-17,0.0,0.0,0.0,0.0,0.0,0.0,0.0,0.0,0.0,,,,,,,,,,,,0.0,,0.0,0.0,3000.0,31644.0,0.0,0.0,,0.0,,0.0,10.548
2024-10-18,,,,,,,,,,,,,,,,,,,,,,,,,,,,,,,,,10.578
2024-10-21,,,,,,,,,,,,,,,,,,,,,,,,,,,,,,,,,10.554
2024-10-22,,,,,,,,,,,,,,,,,,,,,,,,,,,,,,,,,10.546
2024-10-23,,,,,,,,,,,,,,,,,,,,,,,,,,,,,,,,,10.55
2024-10-24,,,,,,,,,,,,,,,,,,,,,,,,,,,,,,,,,10.57
2024-10-25,,,,,,,,,,,,,,,,,,,,,,,,,,,,,,,,,10.57
2024-10-28,,,,,,,,,,,,,,,,,,,,,,,,,,,,,,,,,10.578
2024-10-29,16000.0,169184.0,10.18,0.06,0.17,84592.0,8000.0,8000.0,84592.0,,,8000.0,,,,,,0.08,8000.0,,0.08,,100.0,100.0,0.0,0.0,0.0,100.0,,1.0,100.0,2.0,10.574
2024-10-30,,,,,,,,,,,,,,,,,,,,,,,,,,,,,,,,,10.56
2024-10-31,,,,,,,,,,,,,,,,,,,,,,,,,,,,,,,,,10.558
2024-11-01,,,,,,,,,,,,,,,,,,,,,,,,,,,,,,,,,10.554
2024-11-04,,,,,,,,,,,,,,,,,,,,,,,,,,,,,,,,,10.542
2024-11-05,,,,,,,,,,,,,,,,,,,,,,,,,,,,,,,,,10.55
2024-11-06,,,,,,,,,,,,,,,,,,,,,,,,,,,,,,,,,10.58
2024-11-07,16000.0,169312.0,7.32,0.05,0.17,84656.0,8000.0,8000.0,84656.0,,,8000.0,,,,,,0.09,8000.0,,0.09,,100.0,100.0,0.0,0.0,0.0,100.0,,1.0,100.0,2.0,10.582
2024-11-08,16000.0,169504.0,7.36,0.05,0.17,84752.0,8000.0,8000.0,84752.0,,,,,,,,,,,,0.09,,100.0,100.0,0.0,0.0,0.0,100.0,,1.0,100.0,2.0,10.594
2024-11-11,16000.0,169856.0,6.2,0.05,0.17,84928.0,8000.0,8000.0,84928.0,,,,,,,,,,,,0.08,,100.0,100.0,0.0,0.0,0.0,100.0,,1.0,100.0,2.0,10.616
2024-11-12,16000.0,169536.0,6.19,0.05,0.17,84768.0,8000.0,8000.0,84768.0,,,,,,,,,,,,0.09,,100.0,100.0,0.0,0.0,0.0,100.0,,1.0,100.0,2.0,10.596
2024-11-13,16000.0,169504.0,6.14,0.05,0.17,84752.0,8000.0,8000.0,84752.0,,,,,,,,,,,,0.08,,100.0,100.0,0.0,0.0,0.0,100.0,,1.0,100.0,2.0,10.594
2024-11-14,16000.0,169472.0,6.11,0.05,0.17,84736.0,8000.0,8000.0,84736.0,,,,,,,,,,,,0.08,,100.0,100.0,0.0,0.0,0.0,100.0,,1.0,100.0,2.0,10.592
2024-11-15,16000.0,169728.0,6.1,0.05,0.17,84864.0,8000.0,8000.0,84864.0,,,,,,,,,,,,0.08,,100.0,100.0,0.0,0.0,0.0,100.0,,1.0,100.0,2.0,10.608
2024-11-18,8000.0,84880.0,3.04,0.03,0.08,0.0,8000.0,0.0,84880.0,,,,,,,,,,,8000.0,0.08,0.08,100.0,100.0,0.0,0.0,0.0,100.0,,1.0,100.0,1.0,10.61
2024-11-19,,,,,,,,,,,,,,,,,,,,,,,,,,,,,,,,,10.6
2024-11-20,,,,,,,,,,,,,,,,,,,,,,,,,,,,,,,,,10.602
2024-11-21,0.0,0.0,0.0,0.0,0.0,0.0,0.0,0.0,0.0,,,,,,,,,,,,0.0,,0.0,0.0,900.0,9545.4,0.01,0.0,,0.0,,0.0,10.606
2024-11-22,0.0,0.0,0.0,0.0,0.0,0.0,0.0,0.0,0.0,,,,,,,,,,,,0.0,,0.0,0.0,900.0,9545.4,0.01,0.0,,0.0,,0.0,10.606
2024-11-25,,,,,,,,,,,,,,,,,,,,,,,,,,,,,,,,,10.62
2024-11-26,,,,,,,,,,,,,,,,,,,,,,,,,,,,,,,,,10.618
2024-11-27,,,,,,,,,,,,,,,,,,,,,,,,,,,,,,,,,10.604
2024-11-28,,,,,,,,,,,,,,,,,,,,,,,,,,,,,,,,,10.62
2024-11-29,,,,,,,,,,,,,,,,,,,,,,,,,,,,,,,,,10.654
2024-12-02,,,,,,,,,,,,,,,,,,,,,,,,,,,,,,,,,10.658
2024-12-03,,,,,,,,,,,,,,,,,,,,,,,,,,,,,,,,,10.68
2024-12-04,,,,,,,,,,,,,,,,,,,,,,,,,,,,,,,,,10.69
2024-12-05,0.0,0.0,0.0,0.0,0.0,0.0,0.0,0.0,0.0,,,,,,,,,,,,0.0,,0.0,0.0,900.0,9621.0,0.01,0.0,,0.0,,0.0,10.69
2024-12-06,0.0,0.0,0.0,0.0,0.0,0.0,0.0,0.0,0.0,,,,,,,,,,,,0.0,,0.0,0.0,900.0,9633.6,0.01,0.0,,0.0,,0.0,10.704
2024-12-09,,,,,,,,,,,,,,,,,,,,,,,,,,,,,,,,,10.706
2024-12-10,17000.0,182070.0,2.34,0.05,0.18,91035.0,8500.0,8500.0,91035.0,,,8500.0,,,,,,0.09,8500.0,,0.09,,100.0,100.0,0.0,0.0,0.0,100.0,,1.0,100.0,2.0,10.71
2024-12-11,17000.0,182206.0,2.34,0.05,0.18,91103.0,8500.0,8500.0,91103.0,,,,,,,,,,,,0.09,,100.0,100.0,0.0,0.0,0.0,100.0,,1.0,100.0,2.0,10.718
2024-12-12,8500.0,91086.0,1.19,0.03,0.09,0.0,8500.0,0.0,91086.0,,,,,,,,,,,8500.0,0.09,0.09,100.0,100.0,0.0,0.0,0.0,100.0,,1.0,100.0,1.0,10.716
2024-12-13,0.0,0.0,0.0,0.0,0.0,0.0,0.0,0.0,0.0,,,,0.09,,8500.0,,,,,,0.0,,0.0,0.0,8500.0,90933.0,0.1,0.0,,0.0,,0.0,10.698
2024-12-16,,,,,,,,,,,,,,,,,,,,,,,,,,,,,,,,,10.696
2024-12-17,,,,,,,,,,,,,,,,,,,,,,,,,,,,,,,,,10.668
2024-12-18,,,,,,,,,,,,,,,,,,,,,,,,,,,,,,,,,10.692
2024-12-19,0.0,0.0,0.0,0.0,0.0,0.0,0.0,0.0,0.0,,,,,,,,,,,,0.0,,0.0,0.0,1800.0,19170.0,0.02,0.0,,0.0,,0.0,10.65
2024-12-20,0.0,0.0,0.0,0.0,0.0,0.0,0.0,0.0,0.0,,,,,,,,,,,,0.0,,0.0,0.0,1800.0,19227.6,0.02,0.0,,0.0,,0.0,10.682
2024-12-23,,,,,,,,,,,,,,,,,,,,,,,,,,,,,,,,,10.678
2024-12-24,,,,,,,,,,,,,,,,,,,,,,,,,,,,,,,,,10.658
2024-12-27,,,,,,,,,,,,,,,,,,,,,,,,,,,,,,,,,10.704
2024-12-30,,,,,,,,,,,,,,,,,,,,,,,,,,,,,,,,,10.692
2024-12-31,,,,,,,,,,,,,,,,,,,,,,,,,,,,,,,,,10.702
2025-01-02,,,,,,,,,,,,,,,,,,,,,,,,,,,,,,,,,10.664
2025-01-03,,,,,,,,,,,,,,,,,,,,,,,,,,,,,,,,,10.646
2025-01-06,,,,,,,,,,,,,,,,,,,,,,,,,,,,,,,,,10.68
2025-01-07,,,,,,,,,,,,,,,,,,,,,,,,,,,,,,,,,10.674
2025-01-08,,,,,,,,,,,,,,,,,,,,,,,,,,,,,,,,,10.652
2025-01-09,,,,,,,,,,,,,,,,,,,,,,,,,,,,,,,,,10.65
2025-01-10,,,,,,,,,,,,,,,,,,,,,,,,,,,,,,,,,10.62
2025-01-13,,,,,,,,,,,,,,,,,,,,,,,,,,,,,,,,,10.598
2025-01-14,0.0,0.0,0.0,0.0,0.0,0.0,0.0,0.0,0.0,,,,,,,,,,,,0.0,,0.0,0.0,1800.0,19090.8,0.02,0.0,,0.0,,0.0,10.606
2025-01-15,,,,,,,,,,,,,,,,,,,,,,,,,,,,,,,,,10.656
2025-01-16,,,,,,,,,,,,,,,,,,,,,,,,,,,,,,,,,10.66
2025-01-17,,,,,,,,,,,,,,,,,,,,,,,,,,,,,,,,,10.674
2025-01-20,,,,,,,,,,,,,,,,,,,,,,,,,,,,,,,,,10.67
2025-01-21,,,,,,,,,,,,,,,,,,,,,,,,,,,,,,,,,10.678
2025-01-22,,,,,,,,,,,,,,,,,,,,,,,,,,,,,,,,,10.694
2025-01-23,0.0,0.0,0.0,0.0,0.0,0.0,0.0,0.0,0.0,,,,,,,,,,,,0.0,,0.0,0.0,100.0,1068.6,0.0,0.0,,0.0,,0.0,10.686
2025-01-24,0.0,0.0,0.0,0.0,0.0,0.0,0.0,0.0,0.0,,,,,,,,,,,,0.0,,0.0,0.0,100.0,1067.4,0.0,0.0,,0.0,,0.0,10.674
2025-01-27,,,,,,,,,,,,,,,,,,,,,,,,,,,,,,,,,10.68
2025-01-28,,,,,,,,,,,,,,,,,,,,,,,,,,,,,,,,,10.678
2025-01-29,,,,,,,,,,,,,,,,,,,,,,,,,,,,,,,,,10.712
2025-01-30,5151.0,55249.63,1.13,0.02,0.06,0.0,5151.0,0.0,55249.63,,,,,,,,,,5151.0,,0.06,,100.0,100.0,0.0,0.0,0.0,100.0,,1.0,100.0,1.0,10.726
2025-01-31,5151.0,55486.57,1.14,0.02,0.06,0.0,5151.0,0.0,55486.57,,,,,,,,,,,,0.06,,100.0,100.0,0.0,0.0,0.0,100.0,,1.0,100.0,1.0,10.772
2025-02-03,5151.0,55373.25,1.18,0.02,0.06,0.0,5151.0,0.0,55373.25,,,,,,,,,,,,0.06,,100.0,100.0,0.0,0.0,0.0,100.0,,1.0,100.0,1.0,10.75
2025-02-04,5151.0,55435.06,1.42,0.02,0.06,0.0,5151.0,0.0,55435.06,,,,,,,,,,,,0.06,,100.0,100.0,0.0,0.0,0.0,100.0,,1.0,100.0,1.0,10.762
2025-02-05,5151.0,55393.85,1.42,0.02,0.06,0.0,5151.0,0.0,55393.85,,,,,,,,,,,,0.06,,100.0,100.0,0.0,0.0,0.0,100.0,,1.0,100.0,1.0,10.754
2025-02-06,5151.0,55548.38,1.44,0.02,0.06,0.0,5151.0,0.0,55548.38,,,,,,,,,,,,0.06,,100.0,100.0,0.0,0.0,0.0,100.0,,1.0,100.0,1.0,10.784
2025-02-07,5151.0,55465.97,1.47,0.02,0.06,0.0,5151.0,0.0,55465.97,,,,,,,,,,,,0.06,,100.0,100.0,0.0,0.0,0.0,100.0,,1.0,100.0,1.0,10.768
2025-02-10,5151.0,55538.08,1.48,0.02,0.06,0.0,5151.0,0.0,55538.08,,,,,,,,,,,,0.06,,100.0,100.0,0.0,0.0,0.0,100.0,,1.0,100.0,1.0,10.782
2025-02-11,5151.0,55476.27,1.53,0.02,0.06,0.0,5151.0,0.0,55476.27,,,,,,,,,,,,0.06,,100.0,100.0,0.0,0.0,0.0,100.0,,1.0,100.0,1.0,10.77
2025-02-12,5151.0,55445.36,1.54,0.02,0.06,0.0,5151.0,0.0,55445.36,,,,,,,,,,,,0.06,,100.0,100.0,0.0,0.0,0.0,100.0,,1.0,100.0,1.0,10.764
2025-02-13,5151.0,55589.59,1.54,0.02,0.06,0.0,5151.0,0.0,55589.59,,,,,,,,,,,,0.06,,100.0,100.0,0.0,0.0,0.0,100.0,,1.0,100.0,1.0,10.792
2025-02-14,5151.0,55496.87,1.54,0.02,0.06,0.0,5151.0,0.0,55496.87,,,,,,,,,,,,0.06,,100.0,100.0,0.0,0.0,0.0,100.0,,1.0,100.0,1.0,10.774
2025-02-17,5151.0,55692.61,2.5,0.02,0.06,0.0,5151.0,0.0,55692.61,,,,,,,,,,,,0.06,,100.0,100.0,0.0,0.0,0.0,100.0,,1.0,100.0,1.0,10.812
2025-02-18,5151.0,55702.91,2.43,0.02,0.06,0.0,5151.0,0.0,55702.91,,,,,,,,,,,,0.06,,100.0,100.0,0.0,0.0,0.0,100.0,,1.0,100.0,1.0,10.814
2025-02-19,5151.0,55579.29,3.58,0.02,0.06,0.0,5151.0,0.0,55579.29,,,,,,,,,,,,0.06,,100.0,100.0,0.0,0.0,0.0,100.0,,1.0,100.0,1.0,10.79
2025-02-20,6651.0,71804.2,4.88,0.02,0.07,0.0,6651.0,0.0,71804.2,1500.0,,,,,,,1500.0,,,,0.07,,100.0,100.0,0.0,0.0,0.0,100.0,,1.0,100.0,1.0,10.796
2025-02-21,6651.0,71897.31,4.86,0.02,0.07,0.0,6651.0,0.0,71897.31,,,,,,,,,,,,0.07,,100.0,100.0,0.0,0.0,0.0,100.0,,1.0,100.0,1.0,10.81
2025-02-24,6651.0,71884.01,4.86,0.02,0.07,0.0,6651.0,0.0,71884.01,,,,,,,,,,,,0.07,,100.0,100.0,0.0,0.0,0.0,100.0,,1.0,100.0,1.0,10.808
2025-02-25,6651.0,71724.38,5.35,0.02,0.07,0.0,6651.0,0.0,71724.38,,,,,,,,,,,,0.07,,100.0,100.0,0.0,0.0,0.0,100.0,,1.0,100.0,1.0,10.784
2025-02-26,6651.0,71937.22,5.75,0.02,0.07,0.0,6651.0,0.0,71937.22,,,,,,,,,,,,0.07,,100.0,100.0,0.0,0.0,0.0,100.0,,1.0,100.0,1.0,10.816
2025-02-27,6651.0,71990.42,5.33,0.02,0.07,0.0,6651.0,0.0,71990.42,,,,,,,,,,,,0.07,,100.0,100.0,0.0,0.0,0.0,100.0,,1.0,100.0,1.0,10.824
2025-02-28,6651.0,72096.84,5.43,0.02,0.07,0.0,6651.0,0.0,72096.84,,,,,,,,,,,,0.07,,100.0,100.0,0.0,0.0,0.0,100.0,,1.0,100.0,1.0,10.84
2025-03-03,6651.0,72070.24,5.43,0.02,0.07,0.0,6651.0,0.0,72070.24,,,,,,,,,,,,0.07,,100.0,100.0,0.0,0.0,0.0,100.0,,1.0,100.0,1.0,10.836
2025-03-04,6651.0,71884.01,4.94,0.02,0.07,0.0,6651.0,0.0,71884.01,,,,,,,,,,,,0.07,,100.0,100.0,0.0,0.0,0.0,100.0,,1.0,100.0,1.0,10.808
2025-03-05,6651.0,71830.8,5.13,0.02,0.07,0.0,6651.0,0.0,71830.8,,,,,,,,,,,,0.07,,100.0,100.0,0.0,0.0,0.0,100.0,,1.0,100.0,1.0,10.8
2025-03-06,6651.0,71511.55,5.79,0.02,0.07,0.0,6651.0,0.0,71511.55,,,,,,,,,,,,0.07,,100.0,100.0,0.0,0.0,0.0,100.0,,1.0,100.0,1.0,10.752
2025-03-07,6651.0,71551.46,5.77,0.02,0.07,0.0,6651.0,0.0,71551.46,,,,,,,,,,,,0.07,,100.0,100.0,0.0,0.0,0.0,100.0,,1.0,100.0,1.0,10.758
2025-03-10,6651.0,71338.63,5.84,0.02,0.07,0.0,6651.0,0.0,71338.63,,,,,,,,,,,,0.07,,100.0,100.0,0.0,0.0,0.0,100.0,,1.0,100.0,1.0,10.726
2025-03-11,6651.0,71285.42,5.14,0.02,0.07,0.0,6651.0,0.0,71285.42,,,,,,,,,,,,0.07,,100.0,100.0,0.0,0.0,0.0,100.0,,1.0,100.0,1.0,10.718
2025-03-12,6651.0,71298.72,3.56,0.02,0.07,0.0,6651.0,0.0,71298.72,,,,,,,,,,,,0.07,,100.0,100.0,0.0,0.0,0.0,100.0,,1.0,100.0,1.0,10.72
2025-03-13,6651.0,71006.08,3.32,0.02,0.07,0.0,6651.0,0.0,71006.08,,,,,,,,,,,,0.07,,100.0,100.0,0.0,0.0,0.0,100.0,,1.0,100.0,1.0,10.676
2025-03-14,1500.0,16092.0,0.75,0.0,0.02,0.0,1500.0,0.0,16092.0,,,,0.05,,5151.0,,,,,,0.02,,100.0,22.55,0.0,0.0,0.0,100.0,,1.0,100.0,0.2255,10.728
2025-03-17,1500.0,16083.0,0.81,0.0,0.02,0.0,1500.0,0.0,16083.0,,,,,,,,,,,,0.02,,100.0,100.0,0.0,0.0,0.0,100.0,,1.0,100.0,1.0,10.722
2025-03-18,1500.0,16098.0,0.8,0.0,0.02,0.0,1500.0,0.0,16098.0,,,,,,,,,,,,0.02,,100.0,100.0,0.0,0.0,0.0,100.0,,1.0,100.0,1.0,10.732
2025-03-19,1500.0,16134.0,0.78,0.0,0.02,0.0,1500.0,0.0,16134.0,,,,,,,,,,,,0.02,,100.0,100.0,0.0,0.0,0.0,100.0,,1.0,100.0,1.0,10.756
2025-03-20,1500.0,16149.0,0.78,0.0,0.02,0.0,1500.0,0.0,16149.0,,,,,,,,,,,,0.02,,100.0,100.0,0.0,0.0,0.0,100.0,,1.0,100.0,1.0,10.766
2025-03-21,1500.0,16119.0,0.79,0.0,0.02,0.0,1500.0,0.0,16119.0,,,,,,,,,,,,0.02,,100.0,100.0,0.0,0.0,0.0,100.0,,1.0,100.0,1.0,10.746
2025-03-24,1500.0,16134.0,0.78,0.0,0.02,0.0,1500.0,0.0,16134.0,,,,,,,,,,,,0.02,,100.0,100.0,0.0,0.0,0.0,100.0,,1.0,100.0,1.0,10.756
2025-03-25,1500.0,16128.0,0.73,0.0,0.02,0.0,1500.0,0.0,16128.0,,,,,,,,,,,,0.02,,100.0,100.0,0.0,0.0,0.0,100.0,,1.0,100.0,1.0,10.752
2025-03-26,1500.0,16107.0,0.72,0.0,0.02,0.0,1500.0,0.0,16107.0,,,,,,,,,,,,0.02,,100.0,100.0,0.0,0.0,0.0,100.0,,1.0,100.0,1.0,10.738
2025-03-27,1500.0,16092.0,0.71,0.0,0.02,0.0,1500.0,0.0,16092.0,,,,,,,,,,,,0.02,,100.0,100.0,0.0,0.0,0.0,100.0,,1.0,100.0,1.0,10.728
2025-03-28,1500.0,16080.0,0.7,0.0,0.02,0.0,1500.0,0.0,16080.0,,,,,,,,,,,,0.02,,100.0,100.0,0.0,0.0,0.0,100.0,,1.0,100.0,1.0,10.72
2025-03-31,1500.0,15996.0,0.68,0.0,0.02,0.0,1500.0,0.0,15996.0,,,,,,,,,,,,0.02,,100.0,100.0,0.0,0.0,0.0,100.0,,1.0,100.0,1.0,10.664
2025-04-01,1500.0,16086.0,0.69,0.0,0.02,0.0,1500.0,0.0,16086.0,,,,,,,,,,,,0.02,,100.0,100.0,0.0,0.0,0.0,100.0,,1.0,100.0,1.0,10.724
2025-04-02,1500.0,16074.0,0.7,0.0,0.02,0.0,1500.0,0.0,16074.0,,,,,,,,,,,,0.02,,100.0,100.0,0.0,0.0,0.0,100.0,,1.0,100.0,1.0,10.716
2025-04-03,1500.0,15984.0,0.7,0.0,0.02,0.0,1500.0,0.0,15984.0,,,,,,,,,,,,0.02,,100.0,100.0,0.0,0.0,0.0,100.0,,1.0,100.0,1.0,10.656
2025-04-04,1500.0,15834.0,0.68,0.0,0.02,0.0,1500.0,0.0,15834.0,,,,,,,,,,,,0.02,,100.0,100.0,0.0,0.0,0.0,100.0,,1.0,100.0,1.0,10.556
2025-04-07,1500.0,15669.0,0.65,0.01,0.02,0.0,1500.0,0.0,15669.0,,,,,,,,,,,,0.02,,100.0,100.0,0.0,0.0,0.0,100.0,,1.0,100.0,1.0,10.446
2025-04-08,1500.0,15792.0,0.5,0.01,0.02,0.0,1500.0,0.0,15792.0,,,,,,,,,,,,0.02,,100.0,100.0,0.0,0.0,0.0,100.0,,1.0,100.0,1.0,10.528
2025-04-09,1500.0,15639.0,0.46,0.01,0.02,0.0,1500.0,0.0,15639.0,,,,,,,,,,,,0.02,,100.0,100.0,0.0,0.0,0.0,100.0,,1.0,100.0,1.0,10.426
2025-04-10,1500.0,15837.0,0.43,0.01,0.02,0.0,1500.0,0.0,15837.0,,,,,,,,,,,,0.02,,100.0,100.0,0.0,0.0,0.0,100.0,,1.0,100.0,1.0,10.558
2025-04-11,1500.0,15792.0,0.43,0.01,0.02,0.0,1500.0,0.0,15792.0,,,,,,,,,,,,0.02,,100.0,100.0,0.0,0.0,0.0,100.0,,1.0,100.0,1.0,10.528
2025-04-14,1500.0,15921.0,0.43,0.01,0.02,0.0,1500.0,0.0,15921.0,,,,,,,,,,,,0.02,,100.0,100.0,0.0,0.0,0.0,100.0,,1.0,100.0,1.0,10.614
2025-04-15,1500.0,15975.0,0.45,0.01,0.02,0.0,1500.0,0.0,15975.0,,,,,,,,,,,,0.02,,100.0,100.0,0.0,0.0,0.0,100.0,,1.0,100.0,1.0,10.65
2025-04-16,1500.0,16008.0,0.45,0.01,0.02,0.0,1500.0,0.0,16008.0,,,,,,,,,,,,0.02,,100.0,100.0,0.0,0.0,0.0,100.0,,1.0,100.0,1.0,10.672
2025-04-17,1500.0,16059.0,0.45,0.01,0.02,0.0,1500.0,0.0,16059.0,,,,,,,,,,,,0.02,,100.0,100.0,0.0,0.0,0.0,100.0,,1.0,100.0,1.0,10.706
2025-04-18,1500.0,16059.0,0.17,0.01,0.02,0.0,1500.0,0.0,16059.0,,,,,,,,,,,,0.02,,100.0,100.0,0.0,0.0,0.0,100.0,,1.0,100.0,1.0,
2025-04-21,1500.0,16059.0,0.17,0.01,0.02,0.0,1500.0,0.0,16059.0,,,,,,,,,,,,0.02,,100.0,100.0,0.0,0.0,0.0,100.0,,1.0,100.0,1.0,
2025-04-22,0.0,0.0,0.0,0.0,0.0,0.0,0.0,0.0,0.0,,,,0.02,,1500.0,,,,,,0.0,,0.0,0.0,1500.0,16065.0,0.02,0.0,,0.0,,0.0,10.71
2025-04-23,1500.0,16179.0,0.17,0.01,0.02,0.0,1500.0,0.0,16179.0,,,,,,,,,,1500.0,,0.02,,100.0,100.0,0.0,0.0,0.0,100.0,,1.0,100.0,1.0,10.786
2025-04-24,1500.0,16206.0,0.18,0.01,0.02,0.0,1500.0,0.0,16206.0,,,,,,,,,,,,0.02,,100.0,100.0,0.0,0.0,0.0,100.0,,1.0,100.0,1.0,10.804
2025-04-25,0.0,0.0,0.0,0.0,0.0,0.0,0.0,0.0,0.0,,,,0.02,,1500.0,,,,,,0.0,,0.0,0.0,1400.0,15164.8,0.02,0.0,,0.0,,0.0,10.832
2025-04-28,1500.0,16197.0,0.18,0.01,0.02,0.0,1500.0,0.0,16197.0,,,,,,,,,,1500.0,,0.02,,100.0,100.0,0.0,0.0,0.0,100.0,,1.0,100.0,1.0,10.798
2025-04-29,13100.0,141244.2,1.59,0.05,0.14,62535.6,7300.0,5800.0,78708.6,5800.0,,5800.0,,,,,5800.0,0.06,,,0.08,,100.0,100.0,0.0,0.0,0.0,100.0,44.27,0.4052,44.27,1.7945,10.782
2025-04-30,13100.0,140720.2,1.58,0.05,0.14,62303.6,7300.0,5800.0,78416.6,,,,,,,,,,,,0.08,,100.0,100.0,0.0,0.0,0.0,100.0,44.18,0.405,44.35,1.7945,10.742
2025-05-01,13100.0,140720.2,1.58,0.04,0.14,62303.6,7300.0,5800.0,78416.6,,,,,,,,,,,,0.08,,100.0,100.0,0.0,0.0,0.0,100.0,44.18,0.405,44.35,1.7945,
2025-05-02,1500.0,16188.0,0.18,0.01,0.02,0.0,1500.0,0.0,16188.0,,,,0.06,,5800.0,,,,,5800.0,0.02,0.06,100.0,20.55,0.0,0.0,0.0,100.0,,1.0,100.0,0.2055,10.792
2025-05-05,1500.0,16227.0,0.18,0.01,0.02,0.0,1500.0,0.0,16227.0,,,,,,,,,,,,0.02,,100.0,100.0,0.0,0.0,0.0,100.0,,1.0,100.0,1.0,10.818
2025-05-06,1500.0,16170.0,0.18,0.01,0.02,0.0,1500.0,0.0,16170.0,,,,,,,,,,,,0.02,,100.0,100.0,0.0,0.0,0.0,100.0,,1.0,100.0,1.0,10.78
2025-05-07,1500.0,16185.0,0.18,0.01,0.02,0.0,1500.0,0.0,16185.0,,,,,,,,,,,,0.02,,100.0,100.0,0.0,0.0,0.0,100.0,,1.0,100.0,1.0,10.79
2025-05-08,1500.0,16209.0,0.18,0.01,0.02,0.0,1500.0,0.0,16209.0,,,,,,,,,,,,0.02,,100.0,100.0,0.0,0.0,0.0,100.0,,1.0,100.0,1.0,10.806
2025-05-09,1500.0,16218.0,0.19,0.01,0.02,0.0,1500.0,0.0,16218.0,,,,,,,,,,,,0.02,,100.0,100.0,0.0,0.0,0.0,100.0,,1.0,100.0,1.0,10.812
2025-05-12,1500.0,16317.0,0.19,0.01,0.02,0.0,1500.0,0.0,16317.0,,,,,,,,,,,,0.02,,100.0,100.0,0.0,0.0,0.0,100.0,,1.0,100.0,1.0,10.878
2025-05-13,1500.0,16290.0,0.19,0.01,0.02,0.0,1500.0,0.0,16290.0,,,,,,,,,,,,0.02,,100.0,100.0,0.0,0.0,0.0,100.0,,1.0,100.0,1.0,10.86
2025-05-14,1500.0,16248.0,0.18,0.01,0.02,0.0,1500.0,0.0,16248.0,,,,,,,,,,,,0.02,,100.0,100.0,0.0,0.0,0.0,100.0,,1.0,100.0,1.0,10.832
2025-05-15,1500.0,16230.0,0.18,0.01,0.02,0.0,1500.0,0.0,16230.0,,,,,,,,,,,,0.02,,100.0,100.0,0.0,0.0,0.0,100.0,,1.0,100.0,1.0,10.82
2025-05-16,1500.0,16254.0,0.18,0.01,0.02,0.0,1500.0,0.0,16254.0,,,,,,,,,,,,0.02,,100.0,100.0,0.0,0.0,0.0,100.0,,1.0,100.0,1.0,10.836
2025-05-19,1500.0,16248.0,0.18,0.01,0.02,0.0,1500.0,0.0,16248.0,,,,,,,,,,,,0.02,,100.0,100.0,0.0,0.0,0.0,100.0,,1.0,100.0,1.0,10.832
2025-05-20,,,,,,,,,,,,,,,,,,,,,,,,,,,,,,,,,10.842
2025-05-21,,,,,,,,,,,,,,,,,,,,,,,,,,,,,,,,,10.83
2025-05-22,,,,,,,,,,,,,,,,,,,,,,,,,,,,,,,,,10.814
2025-05-23,,,,,,,,,,,,,,,,,,,,,,,,,,,,,,,,,10.786
2025-05-26,,,,,,,,,,,,,,,,,,,,,,,,,,,,,,,,,10.82
2025-05-27,,,,,,,,,,,,,,,,,,,,,,,,,,,,,,,,,10.876
2025-05-28,,,,,,,,,,,,,,,,,,,,,,,,,,,,,,,,,10.836
2025-05-29,,,,,,,,,,,,,,,,,,,,,,,,,,,,,,,,,10.874
2025-05-30,,,,,,,,,,,,,,,,,,,,,,,,,,,,,,,,,10.888
2025-06-02,,,,,,,,,,,,,,,,,,,,,,,,,,,,,,,,,10.878
2025-06-03,,,,,,,,,,,,,,,,,,,,,,,,,,,,,,,,,10.908
2025-06-04,,,,,,,,,,,,,,,,,,,,,,,,,,,,,,,,,10.918
2025-06-05,,,,,,,,,,,,,,,,,,,,,,,,,,,,,,,,,10.9
2025-06-06,,,,,,,,,,,,,,,,,,,,,,,,,,,,,,,,,10.912
2025-06-09,,,,,,,,,,,,,,,,,,,,,,,,,,,,,,,,,10.912
2025-06-10,,,,,,,,,,,,,,,,,,,,,,,,,,,,,,,,,10.924
2025-06-11,,,,,,,,,,,,,,,,,,,,,,,,,,,,,,,,,10.932
2025-06-12,,,,,,,,,,,,,,,,,,,,,,,,,,,,,,,,,10.92
2025-06-13,,,,,,,,,,,,,,,,,,,,,,,,,,,,,,,,,10.89
2025-06-16,,,,,,,,,,,,,,,,,,,,,,,,,,,,,,,,,10.926
2025-06-17,,,,,,,,,,,,,,,,,,,,,,,,,,,,,,,,,10.906
2025-06-18,,,,,,,,,,,,,,,,,,,,,,,,,,,,,,,,,10.894
2025-06-19,,,,,,,,,,,,,,,,,,,,,,,,,,,,,,,,,10.87
2025-06-20,,,,,,,,,,,,,,,,,,,,,,,,,,,,,,,,,10.888
2025-06-23,,,,,,,,,,,,,,,,,,,,,,,,,,,,,,,,,10.886
2025-06-24,,,,,,,,,,,,,,,,,,,,,,,,,,,,,,,,,10.906
2025-06-25,,,,,,,,,,,,,,,,,,,,,,,,,,,,,,,,,10.902
2025-06-26,,,,,,,,,,,,,,,,,,,,,,,,,,,,,,,,,10.872
2025-06-27,,,,,,,,,,,,,,,,,,,,,,,,,,,,,,,,,10.918
2025-06-30,,,,,,,,,,,,,,,,,,,,,,,,,,,,,,,,,10.892
2025-07-01,,,,,,,,,,,,,,,,,,,,,,,,,,,,,,,,,10.918
2025-07-02,,,,,,,,,,,,,,,,,,,,,,,,,,,,,,,,,10.922
2025-07-03,,,,,,,,,,,,,,,,,,,,,,,,,,,,,,,,,10.948
2025-07-04,,,,,,,,,,,,,,,,,,,,,,,,,,,,,,,,,10.912
2025-07-07,,,,,,,,,,,,,,,,,,,,,,,,,,,,,,,,,10.948
2025-07-08,,,,,,,,,,,,,,,,,,,,,,,,,,,,,,,,,10.928
2025-07-09,,,,,,,,,,,,,,,,,,,,,,,,,,,,,,,,,10.99
2025-07-10,,,,,,,,,,,,,,,,,,,,,,,,,,,,,,,,,10.99
2025-07-11,,,,,,,,,,,,,,,,,,,,,,,,,,,,,,,,,10.968
2025-07-14,,,,,,,,,,,,,,,,,,,,,,,,,,,,,,,,,10.97
2025-07-15,,,,,,,,,,,,,,,,,,,,,,,,,,,,,,,,,10.972
2025-07-16,,,,,,,,,,,,,,,,,,,,,,,,,,,,,,,,,10.968
2025-07-17,,,,,,,,,,,,,,,,,,,,,,,,,,,,,,,,,10.98
2025-07-18,,,,,,,,,,,,,,,,,,,,,,,,,,,,,,,,,10.98
2025-07-21,,,,,,,,,,,,,,,,,,,,,,,,,,,,,,,,,10.99
2025-07-22,,,,,,,,,,,,,,,,,,,,,,,,,,,,,,,,,10.964
2025-07-23,,,,,,,,,,,,,,,,,,,,,,,,,,,,,,,,,11.0
2025-07-24,,,,,,,,,,,,,,,,,,,,,,,,,,,,,,,,,11.02
2025-07-25,,,,,,,,,,,,,,,,,,,,,,,,,,,,,,,,,11.014
2025-07-28,,,,,,,,,,,,,,,,,,,,,,,,,,,,,,,,,11.022
2025-07-29,15200.0,167656.0,14.96,0.05,0.17,83828.0,7600.0,7600.0,83828.0,,,7600.0,,,,,,0.08,7600.0,,0.08,,100.0,100.0,0.0,0.0,0.0,100.0,49.98,0.5,50.02,2.0,11.03
2025-07-30,15200.0,167777.6,14.96,0.05,0.17,83888.8,7600.0,7600.0,83888.8,,,,,,,,,,,,0.08,,100.0,100.0,0.0,0.0,0.0,100.0,49.98,0.5,50.02,2.0,11.038
2025-07-31,0.0,0.0,0.0,0.0,0.0,0.0,0.0,0.0,0.0,,,,0.08,,7600.0,,,,,7600.0,0.0,0.08,0.0,0.0,7600.0,83645.6,0.09,0.0,,0.0,,0.0,11.006
2025-08-01,0.0,0.0,0.0,0.0,0.0,0.0,0.0,0.0,0.0,,,,,,,,,,,,0.0,,0.0,0.0,7600.0,83676.0,0.09,0.0,,0.0,,0.0,11.01
2025-08-04,10400.0,114836.8,9.78,0.04,0.11,57418.4,5200.0,5200.0,57418.4,,,5200.0,,,,,,0.06,5200.0,,0.06,,100.0,68.42,0.0,0.0,0.0,100.0,49.95,0.5,50.05,1.3684,11.042
2025-08-05,10400.0,114857.6,9.78,0.04,0.11,57428.8,5200.0,5200.0,57428.8,,,,,,,,,,,,0.06,,100.0,100.0,0.0,0.0,0.0,100.0,49.96,0.5,50.04,2.0,11.044
2025-08-06,62200.0,687558.8,72.15,0.21,0.69,630078.0,5200.0,57000.0,57480.8,,0.57,,,51800.0,,0.57,,,,,0.06,,100.0,100.0,0.0,0.0,0.0,100.0,8.36,0.8468,91.64,11.9615,11.054
2025-08-07,62200.0,686688.0,67.5,0.21,0.69,629280.0,5200.0,57000.0,57408.0,,,,,,,,,,,,0.06,,100.0,100.0,0.0,0.0,0.0,100.0,8.36,0.8468,91.64,11.9615,11.04
2025-08-08,51800.0,573944.0,52.03,0.18,0.57,573944.0,0.0,51800.0,0.0,,,,0.06,,5200.0,,,,,5200.0,0.0,0.06,0.0,0.0,0.0,0.0,0.0,0.0,,1.0,100.0,9.9615,11.08
2025-08-11,51800.0,573736.8,34.92,0.18,0.57,573736.8,0.0,51800.0,0.0,,,,,,,,,,,,0.0,,0.0,0.0,0.0,0.0,0.0,0.0,,1.0,100.0,9.9615,11.076
2025-08-12,51800.0,573426.0,20.1,0.18,0.57,573426.0,0.0,51800.0,0.0,,,,,,,,,,,,0.0,,0.0,0.0,0.0,0.0,0.0,0.0,,1.0,100.0,0.0,11.07
2025-08-13,22000.0,243980.0,8.64,0.08,0.25,243980.0,0.0,22000.0,0.0,,,,,,,,,,,29800.0,0.0,0.33,0.0,0.0,0.0,0.0,0.0,0.0,,1.0,100.0,0.0,11.09
2025-08-14,22000.0,244068.0,8.75,0.08,0.24,244068.0,0.0,22000.0,0.0,,,,,,,,,,,,0.0,,0.0,0.0,0.0,0.0,0.0,0.0,,1.0,100.0,0.0,11.094
2025-08-15,24800.0,275032.0,9.87,0.09,0.28,259506.0,1400.0,23400.0,15526.0,,0.02,,,1400.0,,0.02,,,1400.0,,0.02,,100.0,100.0,0.0,0.0,0.0,100.0,5.64,0.8936,94.36,17.7143,11.09
2025-08-18,24800.0,274734.4,9.83,0.09,0.28,259225.2,1400.0,23400.0,15509.2,,,,,,,,,,,,0.02,,100.0,100.0,0.0,0.0,0.0,100.0,5.65,0.8934,94.35,17.7143,11.078
2025-08-19,25200.0,279367.2,10.65,0.09,0.28,261629.6,1600.0,23600.0,17737.6,200.0,0.0,,,200.0,,0.0,200.0,,,,0.02,,100.0,100.0,0.0,0.0,0.0,100.0,6.35,0.8811,93.65,15.75,11.086
2025-08-20,25600.0,283289.6,10.87,0.09,0.28,263370.8,1800.0,23800.0,19918.8,200.0,0.0,,,200.0,,0.0,200.0,,,,0.02,,100.0,100.0,0.0,0.0,0.0,100.0,7.05,0.869,92.95,14.2222,11.066
2025-08-21,25600.0,282931.2,10.76,0.09,0.28,263037.6,1800.0,23800.0,19893.6,,,,,,,,,,,,0.02,,100.0,100.0,0.0,0.0,0.0,100.0,7.04,0.8691,92.96,14.2222,11.052
2025-08-22,25600.0,283340.8,10.67,0.09,0.29,263418.4,1800.0,23800.0,19922.4,,,,,,,,,,,,0.02,,100.0,100.0,0.0,0.0,0.0,100.0,7.02,0.8694,92.98,14.2222,11.068
2025-08-25,25600.0,283187.2,10.65,0.09,0.28,263275.6,1800.0,23800.0,19911.6,,,,,,,,,,,,0.02,,100.0,100.0,0.0,0.0,0.0,100.0,7.03,0.8692,92.97,14.2222,11.062
2025-08-26,24800.0,274238.4,8.57,0.09,0.27,258757.2,1400.0,23400.0,15481.2,,,,0.0,,400.0,,,,,400.0,0.02,0.0,100.0,100.0,0.0,0.0,0.0,100.0,5.65,0.8934,94.35,17.7143,11.058
2025-08-27,8200.0,90708.4,2.83,0.03,0.09,90708.4,0.0,8200.0,0.0,,,,0.02,,1400.0,,,,,15200.0,0.0,0.17,0.0,0.0,0.0,0.0,0.0,0.0,,1.0,100.0,0.0,11.062
2025-08-28,8200.0,90610.0,2.82,0.03,0.09,90610.0,0.0,8200.0,0.0,,,,,,,,,,,,0.0,,0.0,0.0,0.0,0.0,0.0,0.0,,1.0,100.0,0.0,11.05
2025-08-29,8200.0,90495.2,2.82,0.03,0.09,90495.2,0.0,8200.0,0.0,,,,,,,,,,,,0.0,,0.0,0.0,0.0,0.0,0.0,0.0,,1.0,100.0,0.0,11.036
