,IQEC FP Equity_DX_SI_QTY,IQEC FP Equity_DX_SHORT_INTEREST_VALUE,IQEC FP Equity_DX_SHORT_INT_RATIO_DAYS_TO_COVER,IQEC FP Equity_DX_SHORT_INTEREST_PCT_SHARES_OUT,IQEC FP Equity_DX_SI_MV,IQEC FP Equity_DX_BROKER_SHORT_INTEREST_VALUE,IQEC FP Equity_DX_SUPPLY_SI_QTY,IQEC FP Equity_DX_BROKER_SI_QTY,IQEC FP Equity_DX_SUPPLY_SIDE_SHORT_INT_VAL,IQEC FP Equity_DX_SUPPLY_SI_MV,IQEC FP Equity_DX_ACTIVE_UTILIZATION_QUANTITY,IQEC FP Equity_DX_UTILIZATION_QUANTITY,IQEC FP Equity_DX_ACTIVE_AVAIL_SUPPLY_QTY,IQEC FP Equity_DX_ACTIVE_AVAILABILITY_VALUE,IQEC FP Equity_DX_ACTIVE_AVAIL_SUPPLY_MV,IQEC FP Equity_DX_ACTIVE_UTILIZATION_MV,IQEC FP Equity_DX_BROKER_SI_CON_RATIO,IQEC FP Equity_DX_DEMAND_SUPPLY_RATIO,IQEC FP Equity_PX_LAST
2017-06-29,,,,,,,,,,,,,,,,,,,24.98
2017-07-03,,,,,,,,,,,,,,,,,,,24.99
2017-07-04,,,,,,,,,,,,,,,,,,,25.01
2017-07-05,,,,,,,,,,,,,,,,,,,25.03
2017-07-06,,,,,,,,,,,,,,,,,,,24.935
2017-07-07,,,,,,,,,,,,,,,,,,,24.965
2017-07-10,,,,,,,,,,,,,,,,,,,24.995
2017-07-11,,,,,,,,,,,,,,,,,,,24.975
2017-07-12,,,,,,,,,,,,,,,,,,,25.025
2017-07-13,,,,,,,,,,,,,,,,,,,25.005
2017-07-14,,,,,,,,,,,,,,,,,,,25.025
2017-07-17,,,,,,,,,,,,,,,,,,,25.055
2017-07-18,,,,,,,,,,,,,,,,,,,25.08
2017-07-19,,,,,,,,,,,,,,,,,,,25.1
2017-07-20,,,,,,,,,,,,,,,,,,,25.115
2017-07-21,,,,,,,,,,,,,,,,,,,25.14
2017-07-24,,,,,,,,,,,,,,,,,,,25.15
2017-07-25,,,,,,,,,,,,,,,,,,,25.1
2017-07-26,,,,,,,,,,,,,,,,,,,25.125
2017-07-27,,,,,,,,,,,,,,,,,,,25.16
2017-07-28,,,,,,,,,,,,,,,,,,,25.16
2017-07-31,,,,,,,,,,,,,,,,,,,25.16
2017-08-01,,,,,,,,,,,,,,,,,,,25.225
2017-08-02,,,,,,,,,,,,,,,,,,,25.23
2017-08-03,,,,,,,,,,,,,,,,,,,25.25
2017-08-04,,,,,,,,,,,,,,,,,,,25.225
2017-08-07,,,,,,,,,,,,,,,,,,,25.25
2017-08-08,,,,,,,,,,,,,,,,,,,25.225
2017-08-09,,,,,,,,,,,,,,,,,,,25.265
2017-08-10,,,,,,,,,,,,,,,,,,,25.255
2017-08-11,,,,,,,,,,,,,,,,,,,25.275
2017-08-14,,,,,,,,,,,,,,,,,,,25.26
2017-08-15,,,,,,,,,,,,,,,,,,,25.24
2017-08-16,,,,,,,,,,,,,,,,,,,25.24
2017-08-17,,,,,,,,,,,,,,,,,,,25.25
2017-08-18,,,,,,,,,,,,,,,,,,,25.245
2017-08-21,,,,,,,,,,,,,,,,,,,25.26
2017-08-22,,,,,,,,,,,,,,,,,,,25.255
2017-08-23,,,,,,,,,,,,,,,,,,,25.265
2017-08-24,,,,,,,,,,,,,,,,,,,25.265
2017-08-25,,,,,,,,,,,,,,,,,,,25.265
2017-08-28,,,,,,,,,,,,,,,,,,,25.285
2017-08-29,,,,,,,,,,,,,,,,,,,25.3
2017-08-30,,,,,,,,,,,,,,,,,,,25.28
2017-08-31,,,,,,,,,,,,,,,,,,,25.28
2017-09-01,,,,,,,,,,,,,,,,,,,25.265
2017-09-04,,,,,,,,,,,,,,,,,,,25.275
2017-09-05,,,,,,,,,,,,,,,,,,,25.31
2017-09-06,,,,,,,,,,,,,,,,,,,25.275
2017-09-07,,,,,,,,,,,,,,,,,,,25.315
2017-09-08,,,,,,,,,,,,,,,,,,,25.29
2017-09-11,,,,,,,,,,,,,,,,,,,25.28
2017-09-12,,,,,,,,,,,,,,,,,,,25.225
2017-09-13,,,,,,,,,,,,,,,,,,,25.24
2017-09-14,,,,,,,,,,,,,,,,,,,25.225
2017-09-15,,,,,,,,,,,,,,,,,,,25.205
2017-09-18,,,,,,,,,,,,,,,,,,,25.2
2017-09-19,,,,,,,,,,,,,,,,,,,25.21
2017-09-20,,,,,,,,,,,,,,,,,,,25.225
2017-09-21,,,,,,,,,,,,,,,,,,,25.2
2017-09-22,,,,,,,,,,,,,,,,,,,25.21
2017-09-25,,,,,,,,,,,,,,,,,,,25.27
2017-09-26,,,,,,,,,,,,,,,,,,,25.245
2017-09-27,,,,,,,,,,,,,,,,,,,25.205
2017-09-28,,,,,,,,,,,,,,,,,,,25.195
2017-09-29,,,,,,,,,,,,,,,,,,,25.21
2017-10-02,,,,,,,,,,,,,,,,,,,25.23
2017-10-03,,,,,,,,,,,,,,,,,,,25.22
2017-10-04,,,,,,,,,,,,,,,,,,,25.225
2017-10-05,,,,,,,,,,,,,,,,,,,25.215
2017-10-06,,,,,,,,,,,,,,,,,,,25.225
2017-10-09,,,,,,,,,,,,,,,,,,,25.245
2017-10-10,,,,,,,,,,,,,,,,,,,25.245
2017-10-11,,,,,,,,,,,,,,,,,,,25.225
2017-10-12,,,,,,,,,,,,,,,,,,,25.265
2017-10-13,,,,,,,,,,,,,,,,,,,25.315
2017-10-16,,,,,,,,,,,,,,,,,,,25.355
2017-10-17,,,,,,,,,,,,,,,,,,,25.36
2017-10-18,,,,,,,,,,,,,,,,,,,25.33
2017-10-19,,,,,,,,,,,,,,,,,,,25.34
2017-10-20,,,,,,,,,,,,,,,,,,,25.285
2017-10-23,,,,,,,,,,,,,,,,,,,25.32
2017-10-24,,,,,,,,,,,,,,,,,,,25.28
2017-10-25,,,,,,,,,,,,,,,,,,,25.28
2017-10-26,,,,,,,,,,,,,,,,,,,25.34
2017-10-27,,,,,,,,,,,,,,,,,,,25.41
2017-10-30,,,,,,,,,,,,,,,,,,,25.435
2017-10-31,,,,,,,,,,,,,,,,,,,25.445
2017-11-01,,,,,,,,,,,,,,,,,,,25.46
2017-11-02,,,,,,,,,,,,,,,,,,,25.465
2017-11-03,,,,,,,,,,,,,,,,,,,25.475
2017-11-06,,,,,,,,,,,,,,,,,,,25.505
2017-11-07,,,,,,,,,,,,,,,,,,,25.51
2017-11-08,,,,,,,,,,,,,,,,,,,25.5
2017-11-09,,,,,,,,,,,,,,,,,,,25.415
2017-11-10,,,,,,,,,,,,,,,,,,,25.38
2017-11-13,,,,,,,,,,,,,,,,,,,25.375
2017-11-14,,,,,,,,,,,,,,,,,,,25.38
2017-11-15,,,,,,,,,,,,,,,,,,,25.365
2017-11-16,,,,,,,,,,,,,,,,,,,25.38
2017-11-17,,,,,,,,,,,,,,,,,,,25.39
2017-11-20,,,,,,,,,,,,,,,,,,,25.385
2017-11-21,,,,,,,,,,,,,,,,,,,25.4
2017-11-22,,,,,,,,,,,,,,,,,,,25.39
2017-11-23,,,,,,,,,,,,,,,,,,,25.39
2017-11-24,,,,,,,,,,,,,,,,,,,25.38
2017-11-27,,,,,,,,,,,,,,,,,,,25.415
2017-11-28,,,,,,,,,,,,,,,,,,,25.415
2017-11-29,,,,,,,,,,,,,,,,,,,25.365
2017-11-30,,,,,,,,,,,,,,,,,,,25.385
2017-12-01,,,,,,,,,,,,,,,,,,,25.465
2017-12-04,,,,,,,,,,,,,,,,,,,25.42
2017-12-05,,,,,,,,,,,,,,,,,,,25.465
2017-12-06,,,,,,,,,,,,,,,,,,,25.495
2017-12-07,,,,,,,,,,,,,,,,,,,25.5
2017-12-08,,,,,,,,,,,,,,,,,,,25.48
2017-12-11,,,,,,,,,,,,,,,,,,,25.485
2017-12-12,,,,,,,,,,,,,,,,,,,25.46
2017-12-13,,,,,,,,,,,,,,,,,,,25.465
2017-12-14,,,,,,,,,,,,,,,,,,,25.475
2017-12-15,,,,,,,,,,,,,,,,,,,25.47
2017-12-18,,,,,,,,,,,,,,,,,,,25.46
2017-12-19,,,,,,,,,,,,,,,,,,,25.39
2017-12-20,,,,,,,,,,,,,,,,,,,25.375
2017-12-21,,,,,,,,,,,,,,,,,,,25.355
2017-12-22,,,,,,,,,,,,,,,,,,,25.345
2017-12-27,,,,,,,,,,,,,,,,,,,25.39
2017-12-28,,,,,,,,,,,,,,,,,,,25.335
2017-12-29,,,,,,,,,,,,,,,,,,,25.37
2018-01-02,,,,,,,,,,,,,,,,,,,25.315
2018-01-03,,,,,,,,,,,,,,,,,,,25.36
2018-01-04,,,,,,,,,,,,,,,,,,,25.38
2018-01-05,,,,,,,,,,,,,,,,,,,25.38
2018-01-08,,,,,,,,,,,,,,,,,,,25.405
2018-01-09,,,,,,,,,,,,,,,,,,,25.415
2018-01-10,,,,,,,,,,,,,,,,,,,25.39
2018-01-11,,,,,,,,,,,,,,,,,,,25.315
2018-01-12,,,,,,,,,,,,,,,,,,,25.335
2018-01-15,,,,,,,,,,,,,,,,,,,25.33
2018-01-16,,,,,,,,,,,,,,,,,,,25.36
2018-01-17,,,,,,,,,,,,,,,,,,,25.365
2018-01-18,,,,,,,,,,,,,,,,,,,25.37
2018-01-19,,,,,,,,,,,,,,,,,,,25.39
2018-01-22,,,,,,,,,,,,,,,,,,,25.415
2018-01-23,,,,,,,,,,,,,,,,,,,25.42
2018-01-24,,,,,,,,,,,,,,,,,,,25.405
2018-01-25,,,,,,,,,,,,,,,,,,,25.37
2018-01-26,,,,,,,,,,,,,,,,,,,25.345
2018-01-29,,,,,,,,,,,,,,,,,,,25.29
2018-01-30,,,,,,,,,,,,,,,,,,,25.31
2018-01-31,,,,,,,,,,,,,,,,,,,25.3
2018-02-01,,,,,,,,,,,,,,,,,,,25.295
2018-02-02,,,,,,,,,,,,,,,,,,,25.255
2018-02-05,,,,,,,,,,,,,,,,,,,25.29
2018-02-06,,,,,,,,,,,,,,,,,,,25.245
2018-02-07,,,,,,,,,,,,,,,,,,,25.225
2018-02-08,,,,,,,,,,,,,,,,,,,25.225
2018-02-09,,,,,,,,,,,,,,,,,,,25.215
2018-02-12,,,,,,,,,,,,,,,,,,,25.21
2018-02-13,,,,,,,,,,,,,,,,,,,25.175
2018-02-14,,,,,,,,,,,,,,,,,,,25.14
2018-02-15,,,,,,,,,,,,,,,,,,,25.155
2018-02-16,,,,,,,,,,,,,,,,,,,25.225
2018-02-19,,,,,,,,,,,,,,,,,,,25.195
2018-02-20,,,,,,,,,,,,,,,,,,,25.18
2018-02-21,,,,,,,,,,,,,,,,,,,25.18
2018-02-22,,,,,,,,,,,,,,,,,,,25.2
2018-02-23,,,,,,,,,,,,,,,,,,,25.23
2018-02-26,,,,,,,,,,,,,,,,,,,25.23
2018-02-27,,,,,,,,,,,,,,,,,,,25.205
2018-02-28,,,,,,,,,,,,,,,,,,,25.23
2018-03-01,,,,,,,,,,,,,,,,,,,25.23
2018-03-02,,,,,,,,,,,,,,,,,,,25.17
2018-03-05,,,,,,,,,,,,,,,,,,,25.195
2018-03-06,,,,,,,,,,,,,,,,,,,25.175
2018-03-07,,,,,,,,,,,,,,,,,,,25.185
2018-03-08,,,,,,,,,,,,,,,,,,,25.22
2018-03-09,,,,,,,,,,,,,,,,,,,25.2
2018-03-12,,,,,,,,,,,,,,,,,,,25.24
2018-03-13,,,,,,,,,,,,,,,,,,,25.235
2018-03-14,,,,,,,,,,,,,,,,,,,25.225
2018-03-15,,,,,,,,,,,,,,,,,,,25.195
2018-03-16,,,,,,,,,,,,,,,,,,,25.195
2018-03-19,,,,,,,,,,,,,,,,,,,25.175
2018-03-20,,,,,,,,,,,,,,,,,,,25.185
2018-03-21,,,,,,,,,,,,,,,,,,,25.15
2018-03-22,,,,,,,,,,,,,,,,,,,25.21
2018-03-23,,,,,,,,,,,,,,,,,,,25.16
2018-03-26,,,,,,,,,,,,,,,,,,,25.16
2018-03-27,,,,,,,,,,,,,,,,,,,25.225
2018-03-28,,,,,,,,,,,,,,,,,,,25.22
2018-03-29,,,,,,,,,,,,,,,,,,,25.23
2018-04-03,,,,,,,,,,,,,,,,,,,25.215
2018-04-04,,,,,,,,,,,,,,,,,,,25.215
2018-04-05,,,,,,,,,,,,,,,,,,,25.195
2018-04-06,,,,,,,,,,,,,,,,,,,25.235
2018-04-09,,,,,,,,,,,,,,,,,,,25.31
2018-04-10,,,,,,,,,,,,,,,,,,,25.215
2018-04-11,,,,,,,,,,,,,,,,,,,25.24
2018-04-12,,,,,,,,,,,,,,,,,,,25.24
2018-04-13,,,,,,,,,,,,,,,,,,,25.255
2018-04-16,,,,,,,,,,,,,,,,,,,25.25
2018-04-17,,,,,,,,,,,,,,,,,,,25.28
2018-04-18,,,,,,,,,,,,,,,,,,,25.255
2018-04-19,,,,,,,,,,,,,,,,,,,25.185
2018-04-20,,,,,,,,,,,,,,,,,,,25.2
2018-04-23,,,,,,,,,,,,,,,,,,,25.15
2018-04-24,,,,,,,,,,,,,,,,,,,25.17
2018-04-25,,,,,,,,,,,,,,,,,,,25.155
2018-04-26,,,,,,,,,,,,,,,,,,,25.205
2018-04-27,,,,,,,,,,,,,,,,,,,25.115
2018-04-30,,,,,,,,,,,,,,,,,,,25.12
2018-05-02,,,,,,,,,,,,,,,,,,,25.075
2018-05-03,,,,,,,,,,,,,,,,,,,25.12
2018-05-04,,,,,,,,,,,,,,,,,,,25.085
2018-05-07,,,,,,,,,,,,,,,,,,,25.09
2018-05-08,,,,,,,,,,,,,,,,,,,25.05
2018-05-09,,,,,,,,,,,,,,,,,,,25.055
2018-05-10,,,,,,,,,,,,,,,,,,,25.065
2018-05-11,,,,,,,,,,,,,,,,,,,25.065
2018-05-14,,,,,,,,,,,,,,,,,,,25.005
2018-05-15,,,,,,,,,,,,,,,,,,,24.985
2018-05-16,,,,,,,,,,,,,,,,,,,25.0
2018-05-17,,,,,,,,,,,,,,,,,,,24.975
2018-05-18,,,,,,,,,,,,,,,,,,,25.02
2018-05-21,,,,,,,,,,,,,,,,,,,25.06
2018-05-22,,,,,,,,,,,,,,,,,,,25.0
2018-05-23,,,,,,,,,,,,,,,,,,,24.99
2018-05-24,,,,,,,,,,,,,,,,,,,25.01
2018-05-25,,,,,,,,,,,,,,,,,,,25.045
2018-05-28,,,,,,,,,,,,,,,,,,,25.08
2018-05-29,,,,,,,,,,,,,,,,,,,25.11
2018-05-30,,,,,,,,,,,,,,,,,,,24.975
2018-05-31,,,,,,,,,,,,,,,,,,,25.025
2018-06-01,,,,,,,,,,,,,,,,,,,25.045
2018-06-04,,,,,,,,,,,,,,,,,,,25.035
2018-06-05,,,,,,,,,,,,,,,,,,,25.09
2018-06-06,,,,,,,,,,,,,,,,,,,24.97
2018-06-07,,,,,,,,,,,,,,,,,,,24.975
2018-06-08,,,,,,,,,,,,,,,,,,,24.985
2018-06-11,,,,,,,,,,,,,,,,,,,24.94
2018-06-12,,,,,,,,,,,,,,,,,,,24.96
2018-06-13,,,,,,,,,,,,,,,,,,,24.98
2018-06-14,,,,,,,,,,,,,,,,,,,25.06
2018-06-15,,,,,,,,,,,,,,,,,,,25.09
2018-06-18,,,,,,,,,,,,,,,,,,,25.085
2018-06-19,,,,,,,,,,,,,,,,,,,25.09
2018-06-20,,,,,,,,,,,,,,,,,,,25.085
2018-06-21,,,,,,,,,,,,,,,,,,,25.125
2018-06-22,,,,,,,,,,,,,,,,,,,25.12
2018-06-25,,,,,,,,,,,,,,,,,,,25.125
2018-06-26,,,,,,,,,,,,,,,,,,,25.07
2018-06-27,,,,,,,,,,,,,,,,,,,25.07
2018-06-28,,,,,,,,,,,,,,,,,,,25.045
2018-06-29,,,,,,,,,,,,,,,,,,,25.045
2018-07-02,,,,,,,,,,,,,,,,,,,25.05
2018-07-03,,,,,,,,,,,,,,,,,,,25.06
2018-07-04,,,,,,,,,,,,,,,,,,,25.045
2018-07-05,,,,,,,,,,,,,,,,,,,25.06
2018-07-06,,,,,,,,,,,,,,,,,,,25.08
2018-07-09,,,,,,,,,,,,,,,,,,,25.075
2018-07-10,,,,,,,,,,,,,,,,,,,25.08
2018-07-11,,,,,,,,,,,,,,,,,,,25.085
2018-07-12,,,,,,,,,,,,,,,,,,,25.11
2018-07-13,,,,,,,,,,,,,,,,,,,25.125
2018-07-16,,,,,,,,,,,,,,,,,,,25.105
2018-07-17,,,,,,,,,,,,,,,,,,,25.125
2018-07-18,,,,,,,,,,,,,,,,,,,25.115
2018-07-19,,,,,,,,,,,,,,,,,,,25.12
2018-07-20,,,,,,,,,,,,,,,,,,,25.09
2018-07-23,,,,,,,,,,,,,,,,,,,25.05
2018-07-24,,,,,,,,,,,,,,,,,,,25.085
2018-07-25,,,,,,,,,,,,,,,,,,,25.085
2018-07-26,,,,,,,,,,,,,,,,,,,25.125
2018-07-27,,,,,,,,,,,,,,,,,,,25.14
2018-07-30,,,,,,,,,,,,,,,,,,,25.095
2018-07-31,,,,,,,,,,,,,,,,,,,25.12
2018-08-01,,,,,,,,,,,,,,,,,,,25.085
2018-08-02,,,,,,,,,,,,,,,,,,,25.08
2018-08-03,,,,,,,,,,,,,,,,,,,25.11
2018-08-06,,,,,,,,,,,,,,,,,,,25.14
2018-08-07,,,,,,,,,,,,,,,,,,,25.115
2018-08-08,,,,,,,,,,,,,,,,,,,25.14
2018-08-09,,,,,,,,,,,,,,,,,,,25.155
2018-08-10,,,,,,,,,,,,,,,,,,,25.195
2018-08-13,,,,,,,,,,,,,,,,,,,25.165
2018-08-14,,,,,,,,,,,,,,,,,,,25.17
2018-08-15,,,,,,,,,,,,,,,,,,,25.175
2018-08-16,,,,,,,,,,,,,,,,,,,25.17
2018-08-17,,,,,,,,,,,,,,,,,,,25.19
2018-08-20,,,,,,,,,,,,,,,,,,,25.2
2018-08-21,,,,,,,,,,,,,,,,,,,25.175
2018-08-22,,,,,,,,,,,,,,,,,,,25.16
2018-08-23,,,,,,,,,,,,,,,,,,,25.15
2018-08-24,,,,,,,,,,,,,,,,,,,25.135
2018-08-27,,,,,,,,,,,,,,,,,,,25.1
2018-08-28,,,,,,,,,,,,,,,,,,,25.1
2018-08-29,,,,,,,,,,,,,,,,,,,25.065
2018-08-30,,,,,,,,,,,,,,,,,,,25.13
2018-08-31,,,,,,,,,,,,,,,,,,,25.11
2018-09-03,,,,,,,,,,,,,,,,,,,25.095
2018-09-04,,,,,,,,,,,,,,,,,,,25.065
2018-09-05,,,,,,,,,,,,,,,,,,,25.04
2018-09-06,,,,,,,,,,,,,,,,,,,25.09
2018-09-07,,,,,,,,,,,,,,,,,,,25.04
2018-09-10,,,,,,,,,,,,,,,,,,,25.04
2018-09-11,,,,,,,,,,,,,,,,,,,25.035
2018-09-12,,,,,,,,,,,,,,,,,,,25.055
2018-09-13,,,,,,,,,,,,,,,,,,,25.055
2018-09-14,,,,,,,,,,,,,,,,,,,25.03
2018-09-17,,,,,,,,,,,,,,,,,,,25.025
2018-09-18,,,,,,,,,,,,,,,,,,,25.015
2018-09-19,,,,,,,,,,,,,,,,,,,25.02
2018-09-20,,,,,,,,,,,,,,,,,,,25.045
2018-09-21,,,,,,,,,,,,,,,,,,,25.06
2018-09-24,,,,,,,,,,,,,,,,,,,24.99
2018-09-25,,,,,,,,,,,,,,,,,,,24.99
2018-09-26,,,,,,,,,,,,,,,,,,,25.0
2018-09-27,,,,,,,,,,,,,,,,,,,24.995
2018-09-28,,,,,,,,,,,,,,,,,,,25.045
2018-10-01,,,,,,,,,,,,,,,,,,,25.05
2018-10-02,,,,,,,,,,,,,,,,,,,25.09
2018-10-03,,,,,,,,,,,,,,,,,,,25.025
2018-10-04,,,,,,,,,,,,,,,,,,,24.975
2018-10-05,,,,,,,,,,,,,,,,,,,24.975
2018-10-08,,,,,,,,,,,,,,,,,,,25.01
2018-10-09,,,,,,,,,,,,,,,,,,,25.0
2018-10-10,,,,,,,,,,,,,,,,,,,24.985
2018-10-11,,,,,,,,,,,,,,,,,,,25.0
2018-10-12,,,,,,,,,,,,,,,,,,,25.02
2018-10-15,,,,,,,,,,,,,,,,,,,25.015
2018-10-16,,,,,,,,,,,,,,,,,,,25.025
2018-10-17,,,,,,,,,,,,,,,,,,,25.055
2018-10-18,,,,,,,,,,,,,,,,,,,25.085
2018-10-19,,,,,,,,,,,,,,,,,,,25.035
2018-10-22,,,,,,,,,,,,,,,,,,,25.03
2018-10-23,,,,,,,,,,,,,,,,,,,25.05
2018-10-24,,,,,,,,,,,,,,,,,,,25.04
2018-10-25,,,,,,,,,,,,,,,,,,,25.025
2018-10-26,,,,,,,,,,,,,,,,,,,25.035
2018-10-29,,,,,,,,,,,,,,,,,,,25.005
2018-10-30,,,,,,,,,,,,,,,,,,,25.015
2018-10-31,,,,,,,,,,,,,,,,,,,25.015
2018-11-01,,,,,,,,,,,,,,,,,,,25.005
2018-11-02,,,,,,,,,,,,,,,,,,,25.005
2018-11-05,,,,,,,,,,,,,,,,,,,25.005
2018-11-06,,,,,,,,,,,,,,,,,,,25.01
2018-11-07,,,,,,,,,,,,,,,,,,,25.005
2018-11-08,,,,,,,,,,,,,,,,,,,25.0
2018-11-09,,,,,,,,,,,,,,,,,,,25.03
2018-11-12,,,,,,,,,,,,,,,,,,,25.01
2018-11-13,,,,,,,,,,,,,,,,,,,24.985
2018-11-14,,,,,,,,,,,,,,,,,,,24.98
2018-11-15,,,,,,,,,,,,,,,,,,,24.95
2018-11-16,,,,,,,,,,,,,,,,,,,24.895
2018-11-19,,,,,,,,,,,,,,,,,,,24.885
2018-11-20,,,,,,,,,,,,,,,,,,,24.855
2018-11-21,,,,,,,,,,,,,,,,,,,24.87
2018-11-22,,,,,,,,,,,,,,,,,,,24.87
2018-11-23,,,,,,,,,,,,,,,,,,,24.895
2018-11-26,,,,,,,,,,,,,,,,,,,24.905
2018-11-27,,,,,,,,,,,,,,,,,,,24.89
2018-11-28,,,,,,,,,,,,,,,,,,,24.865
2018-11-29,,,,,,,,,,,,,,,,,,,24.89
2018-11-30,,,,,,,,,,,,,,,,,,,24.875
2018-12-03,,,,,,,,,,,,,,,,,,,24.895
2018-12-04,,,,,,,,,,,,,,,,,,,24.895
2018-12-05,,,,,,,,,,,,,,,,,,,24.85
2018-12-06,,,,,,,,,,,,,,,,,,,24.875
2018-12-07,,,,,,,,,,,,,,,,,,,24.86
2018-12-10,,,,,,,,,,,,,,,,,,,24.85
2018-12-11,,,,,,,,,,,,,,,,,,,24.875
2018-12-12,,,,,,,,,,,,,,,,,,,24.875
2018-12-13,,,,,,,,,,,,,,,,,,,24.93
2018-12-14,,,,,,,,,,,,,,,,,,,24.95
2018-12-17,,,,,,,,,,,,,,,,,,,24.93
2018-12-18,,,,,,,,,,,,,,,,,,,24.91
2018-12-19,,,,,,,,,,,,,,,,,,,24.935
2018-12-20,,,,,,,,,,,,,,,,,,,24.915
2018-12-21,,,,,,,,,,,,,,,,,,,24.88
2018-12-24,,,,,,,,,,,,,,,,,,,24.9
2018-12-27,,,,,,,,,,,,,,,,,,,24.935
2018-12-28,,,,,,,,,,,,,,,,,,,24.915
2018-12-31,,,,,,,,,,,,,,,,,,,24.925
2019-01-02,,,,,,,,,,,,,,,,,,,24.965
2019-01-03,,,,,,,,,,,,,,,,,,,24.92
2019-01-04,,,,,,,,,,,,,,,,,,,24.865
2019-01-07,,,,,,,,,,,,,,,,,,,24.85
2019-01-08,,,,,,,,,,,,,,,,,,,24.81
2019-01-09,,,,,,,,,,,,,,,,,,,24.86
2019-01-10,,,,,,,,,,,,,,,,,,,24.87
2019-01-11,,,,,,,,,,,,,,,,,,,24.895
2019-01-14,,,,,,,,,,,,,,,,,,,24.895
2019-01-15,,,,,,,,,,,,,,,,,,,24.945
2019-01-16,,,,,,,,,,,,,,,,,,,24.98
2019-01-17,,,,,,,,,,,,,,,,,,,24.965
2019-01-18,,,,,,,,,,,,,,,,,,,25.0
2019-01-21,,,,,,,,,,,,,,,,,,,25.015
2019-01-22,,,,,,,,,,,,,,,,,,,25.02
2019-01-23,,,,,,,,,,,,,,,,,,,25.015
2019-01-24,,,,,,,,,,,,,,,,,,,25.07
2019-01-25,,,,,,,,,,,,,,,,,,,25.05
2019-01-28,,,,,,,,,,,,,,,,,,,25.035
2019-01-29,,,,,,,,,,,,,,,,,,,25.04
2019-01-30,,,,,,,,,,,,,,,,,,,25.06
2019-01-31,,,,,,,,,,,,,,,,,,,25.165
2019-02-01,,,,,,,,,,,,,,,,,,,25.15
2019-02-04,,,,,,,,,,,,,,,,,,,25.155
2019-02-05,,,,,,,,,,,,,,,,,,,25.225
2019-02-06,,,,,,,,,,,,,,,,,,,25.215
2019-02-07,,,,,,,,,,,,,,,,,,,25.22
2019-02-08,,,,,,,,,,,,,,,,,,,25.215
2019-02-11,,,,,,,,,,,,,,,,,,,25.175
2019-02-12,,,,,,,,,,,,,,,,,,,25.18
2019-02-13,,,,,,,,,,,,,,,,,,,25.23
2019-02-14,,,,,,,,,,,,,,,,,,,25.245
2019-02-15,,,,,,,,,,,,,,,,,,,25.265
2019-02-18,,,,,,,,,,,,,,,,,,,25.27
2019-02-19,,,,,,,,,,,,,,,,,,,25.295
2019-02-20,,,,,,,,,,,,,,,,,,,25.285
2019-02-21,,,,,,,,,,,,,,,,,,,25.225
2019-02-22,,,,,,,,,,,,,,,,,,,25.25
2019-02-25,,,,,,,,,,,,,,,,,,,25.24
2019-02-26,,,,,,,,,,,,,,,,,,,25.25
2019-02-27,,,,,,,,,,,,,,,,,,,25.25
2019-02-28,,,,,,,,,,,,,,,,,,,25.24
2019-03-01,,,,,,,,,,,,,,,,,,,25.24
2019-03-04,,,,,,,,,,,,,,,,,,,25.28
2019-03-05,,,,,,,,,,,,,,,,,,,25.245
2019-03-06,,,,,,,,,,,,,,,,,,,25.265
2019-03-07,,,,,,,,,,,,,,,,,,,25.34
2019-03-08,,,,,,,,,,,,,,,,,,,25.245
2019-03-11,,,,,,,,,,,,,,,,,,,25.28
2019-03-12,,,,,,,,,,,,,,,,,,,25.3
2019-03-13,,,,,,,,,,,,,,,,,,,25.335
2019-03-14,,,,,,,,,,,,,,,,,,,25.355
2019-03-15,,,,,,,,,,,,,,,,,,,25.38
2019-03-18,,,,,,,,,,,,,,,,,,,25.41
2019-03-19,,,,,,,,,,,,,,,,,,,25.385
2019-03-20,,,,,,,,,,,,,,,,,,,25.38
2019-03-21,,,,,,,,,,,,,,,,,,,25.435
2019-03-22,,,,,,,,,,,,,,,,,,,25.425
2019-03-25,,,,,,,,,,,,,,,,,,,25.41
2019-03-26,,,,,,,,,,,,,,,,,,,25.42
2019-03-27,,,,,,,,,,,,,,,,,,,25.53
2019-03-28,,,,,,,,,,,,,,,,,,,25.495
2019-03-29,,,,,,,,,,,,,,,,,,,25.52
2019-04-01,,,,,,,,,,,,,,,,,,,25.51
2019-04-02,,,,,,,,,,,,,,,,,,,25.54
2019-04-03,,,,,,,,,,,,,,,,,,,25.495
2019-04-04,,,,,,,,,,,,,,,,,,,25.495
2019-04-05,,,,,,,,,,,,,,,,,,,25.485
2019-04-08,,,,,,,,,,,,,,,,,,,25.49
2019-04-09,,,,,,,,,,,,,,,,,,,25.5
2019-04-10,,,,,,,,,,,,,,,,,,,25.535
2019-04-11,,,,,,,,,,,,,,,,,,,25.515
2019-04-12,,,,,,,,,,,,,,,,,,,25.475
2019-04-15,,,,,,,,,,,,,,,,,,,25.5
2019-04-16,,,,,,,,,,,,,,,,,,,25.505
2019-04-17,,,,,,,,,,,,,,,,,,,25.5
2019-04-18,,,,,,,,,,,,,,,,,,,25.55
2019-04-23,,,,,,,,,,,,,,,,,,,25.535
2019-04-24,,,,,,,,,,,,,,,,,,,25.615
2019-04-25,,,,,,,,,,,,,,,,,,,25.605
2019-04-26,,,,,,,,,,,,,,,,,,,25.61
2019-04-29,,,,,,,,,,,,,,,,,,,25.605
2019-04-30,,,,,,,,,,,,,,,,,,,25.595
2019-05-02,,,,,,,,,,,,,,,,,,,25.26
2019-05-03,,,,,,,,,,,,,,,,,,,25.3
2019-05-06,,,,,,,,,,,,,,,,,,,25.305
2019-05-07,,,,,,,,,,,,,,,,,,,25.32
2019-05-09,,,,,,,,,,,,,,,,,,,25.245
2019-05-10,,,,,,,,,,,,,,,,,,,25.26
2019-05-13,,,,,,,,,,,,,,,,,,,25.25
2019-05-14,,,,,,,,,,,,,,,,,,,25.235
2019-05-15,,,,,,,,,,,,,,,,,,,25.27
2019-05-16,,,,,,,,,,,,,,,,,,,25.285
2019-05-17,,,,,,,,,,,,,,,,,,,25.285
2019-05-20,,,,,,,,,,,,,,,,,,,25.27
2019-05-21,,,,,,,,,,,,,,,,,,,25.24
2019-05-22,,,,,,,,,,,,,,,,,,,25.25
2019-05-23,,,,,,,,,,,,,,,,,,,25.245
2019-05-24,,,,,,,,,,,,,,,,,,,25.245
2019-05-27,,,,,,,,,,,,,,,,,,,25.28
2019-05-28,,,,,,,,,,,,,,,,,,,25.27
2019-05-29,,,,,,,,,,,,,,,,,,,25.25
2019-05-30,,,,,,,,,,,,,,,,,,,25.275
2019-05-31,,,,,,,,,,,,,,,,,,,25.295
2019-06-03,,,,,,,,,,,,,,,,,,,25.27
2019-06-04,,,,,,,,,,,,,,,,,,,25.29
2019-06-05,,,,,,,,,,,,,,,,,,,25.37
2019-06-06,,,,,,,,,,,,,,,,,,,25.355
2019-06-07,,,,,,,,,,,,,,,,,,,25.405
2019-06-10,,,,,,,,,,,,,,,,,,,25.385
2019-06-11,,,,,,,,,,,,,,,,,,,25.415
2019-06-12,,,,,,,,,,,,,,,,,,,25.395
2019-06-13,,,,,,,,,,,,,,,,,,,25.4
2019-06-14,,,,,,,,,,,,,,,,,,,25.415
2019-06-17,,,,,,,,,,,,,,,,,,,25.41
2019-06-18,,,,,,,,,,,,,,,,,,,25.57
2019-06-19,,,,,,,,,,,,,,,,,,,25.53
2019-06-20,,,,,,,,,,,,,,,,,,,25.63
2019-06-21,,,,,,,,,,,,,,,,,,,25.585
2019-06-24,,,,,,,,,,,,,,,,,,,25.615
2019-06-25,,,,,,,,,,,,,,,,,,,25.625
2019-06-26,,,,,,,,,,,,,,,,,,,25.55
2019-06-27,,,,,,,,,,,,,,,,,,,25.58
2019-06-28,,,,,,,,,,,,,,,,,,,25.585
2019-07-01,,,,,,,,,,,,,,,,,,,25.64
2019-07-02,,,,,,,,,,,,,,,,,,,25.645
2019-07-03,,,,,,,,,,,,,,,,,,,25.67
2019-07-04,,,,,,,,,,,,,,,,,,,25.72
2019-07-05,,,,,,,,,,,,,,,,,,,25.69
2019-07-08,,,,,,,,,,,,,,,,,,,25.69
2019-07-09,,,,,,,,,,,,,,,,,,,25.655
2019-07-10,,,,,,,,,,,,,,,,,,,25.625
2019-07-11,,,,,,,,,,,,,,,,,,,25.605
2019-07-12,,,,,,,,,,,,,,,,,,,25.6
2019-07-15,,,,,,,,,,,,,,,,,,,25.655
2019-07-16,,,,,,,,,,,,,,,,,,,25.66
2019-07-17,,,,,,,,,,,,,,,,,,,25.695
2019-07-18,,,,,,,,,,,,,,,,,,,25.7
2019-07-19,,,,,,,,,,,,,,,,,,,25.725
2019-07-22,,,,,,,,,,,,,,,,,,,25.755
2019-07-23,,,,,,,,,,,,,,,,,,,25.78
2019-07-24,,,,,,,,,,,,,,,,,,,25.83
2019-07-25,,,,,,,,,,,,,,,,,,,25.84
2019-07-26,,,,,,,,,,,,,,,,,,,25.855
2019-07-29,,,,,,,,,,,,,,,,,,,25.875
2019-07-30,,,,,,,,,,,,,,,,,,,25.85
2019-07-31,,,,,,,,,,,,,,,,,,,25.885
2019-08-01,,,,,,,,,,,,,,,,,,,25.9
2019-08-02,,,,,,,,,,,,,,,,,,,25.855
2019-08-05,,,,,,,,,,,,,,,,,,,25.835
2019-08-06,,,,,,,,,,,,,,,,,,,25.845
2019-08-07,,,,,,,,,,,,,,,,,,,25.905
2019-08-08,,,,,,,,,,,,,,,,,,,25.91
2019-08-09,,,,,,,,,,,,,,,,,,,25.895
2019-08-12,,,,,,,,,,,,,,,,,,,25.935
2019-08-13,,,,,,,,,,,,,,,,,,,25.96
2019-08-14,,,,,,,,,,,,,,,,,,,25.97
2019-08-15,,,,,,,,,,,,,,,,,,,25.99
2019-08-16,,,,,,,,,,,,,,,,,,,25.98
2019-08-19,,,,,,,,,,,,,,,,,,,25.95
2019-08-20,,,,,,,,,,,,,,,,,,,25.975
2019-08-21,,,,,,,,,,,,,,,,,,,25.955
2019-08-22,,,,,,,,,,,,,,,,,,,25.965
2019-08-23,,,,,,,,,,,,,,,,,,,26.005
2019-08-26,,,,,,,,,,,,,,,,,,,25.98
2019-08-27,,,,,,,,,,,,,,,,,,,25.995
2019-08-28,,,,,,,,,,,,,,,,,,,26.0
2019-08-29,,,,,,,,,,,,,,,,,,,25.995
2019-08-30,,,,,,,,,,,,,,,,,,,26.005
2019-09-02,,,,,,,,,,,,,,,,,,,25.99
2019-09-03,,,,,,,,,,,,,,,,,,,25.98
2019-09-04,,,,,,,,,,,,,,,,,,,25.94
2019-09-05,,,,,,,,,,,,,,,,,,,25.875
2019-09-06,,,,,,,,,,,,,,,,,,,25.92
2019-09-09,,,,,,,,,,,,,,,,,,,25.85
2019-09-10,,,,,,,,,,,,,,,,,,,25.805
2019-09-11,,,,,,,,,,,,,,,,,,,25.77
2019-09-12,,,,,,,,,,,,,,,,,,,25.825
2019-09-13,,,,,,,,,,,,,,,,,,,25.785
2019-09-16,,,,,,,,,,,,,,,,,,,25.77
2019-09-17,,,,,,,,,,,,,,,,,,,25.725
2019-09-18,,,,,,,,,,,,,,,,,,,25.745
2019-09-19,,,,,,,,,,,,,,,,,,,25.715
2019-09-20,,,,,,,,,,,,,,,,,,,25.755
2019-09-23,,,,,,,,,,,,,,,,,,,25.8
2019-09-24,,,,,,,,,,,,,,,,,,,25.805
2019-09-25,,,,,,,,,,,,,,,,,,,25.77
2019-09-26,,,,,,,,,,,,,,,,,,,25.785
2019-09-27,,,,,,,,,,,,,,,,,,,25.8
2019-09-30,,,,,,,,,,,,,,,,,,,25.835
2019-10-01,,,,,,,,,,,,,,,,,,,25.86
2019-10-02,,,,,,,,,,,,,,,,,,,25.815
2019-10-03,,,,,,,,,,,,,,,,,,,25.85
2019-10-04,,,,,,,,,,,,,,,,,,,25.805
2019-10-07,,,,,,,,,,,,,,,,,,,25.81
2019-10-08,,,,,,,,,,,,,,,,,,,25.835
2019-10-09,,,,,,,,,,,,,,,,,,,25.78
2019-10-10,,,,,,,,,,,,,,,,,,,25.705
2019-10-11,,,,,,,,,,,,,,,,,,,25.71
2019-10-14,,,,,,,,,,,,,,,,,,,25.725
2019-10-15,,,,,,,,,,,,,,,,,,,25.7
2019-10-16,,,,,,,,,,,,,,,,,,,25.725
2019-10-17,,,,,,,,,,,,,,,,,,,25.74
2019-10-18,,,,,,,,,,,,,,,,,,,25.725
2019-10-21,,,,,,,,,,,,,,,,,,,25.695
2019-10-22,,,,,,,,,,,,,,,,,,,25.73
2019-10-23,,,,,,,,,,,,,,,,,,,25.755
2019-10-24,,,,,,,,,,,,,,,,,,,25.745
2019-10-25,,,,,,,,,,,,,,,,,,,25.755
2019-10-28,,,,,,,,,,,,,,,,,,,25.725
2019-10-29,,,,,,,,,,,,,,,,,,,25.725
2019-10-30,,,,,,,,,,,,,,,,,,,25.73
2019-10-31,,,,,,,,,,,,,,,,,,,25.78
2019-11-01,,,,,,,,,,,,,,,,,,,25.765
2019-11-04,,,,,,,,,,,,,,,,,,,25.755
2019-11-05,,,,,,,,,,,,,,,,,,,25.74
2019-11-06,,,,,,,,,,,,,,,,,,,25.755
2019-11-07,,,,,,,,,,,,,,,,,,,25.66
2019-11-08,,,,,,,,,,,,,,,,,,,25.675
2019-11-11,,,,,,,,,,,,,,,,,,,25.655
2019-11-12,,,,,,,,,,,,,,,,,,,25.655
2019-11-13,,,,,,,,,,,,,,,,,,,25.7
2019-11-14,,,,,,,,,,,,,,,,,,,25.72
2019-11-15,,,,,,,,,,,,,,,,,,,25.685
2019-11-18,,,,,,,,,,,,,,,,,,,25.685
2019-11-19,,,,,,,,,,,,,,,,,,,25.665
2019-11-20,,,,,,,,,,,,,,,,,,,25.655
2019-11-21,,,,,,,,,,,,,,,,,,,25.605
2019-11-22,,,,,,,,,,,,,,,,,,,25.655
2019-11-25,,,,,,,,,,,,,,,,,,,25.65
2019-11-26,,,,,,,,,,,,,,,,,,,25.7
2019-11-27,,,,,,,,,,,,,,,,,,,25.72
2019-11-28,,,,,,,,,,,,,,,,,,,25.715
2019-11-29,,,,,,,,,,,,,,,,,,,25.705
2019-12-02,,,,,,,,,,,,,,,,,,,25.65
2019-12-03,,,,,,,,,,,,,,,,,,,25.725
2019-12-04,,,,,,,,,,,,,,,,,,,25.69
2019-12-05,,,,,,,,,,,,,,,,,,,25.675
2019-12-06,,,,,,,,,,,,,,,,,,,25.69
2019-12-09,,,,,,,,,,,,,,,,,,,25.73
2019-12-10,,,,,,,,,,,,,,,,,,,25.725
2019-12-11,,,,,,,,,,,,,,,,,,,25.755
2019-12-12,,,,,,,,,,,,,,,,,,,25.695
2019-12-13,,,,,,,,,,,,,,,,,,,25.785
2019-12-16,,,,,,,,,,,,,,,,,,,25.77
2019-12-17,,,,,,,,,,,,,,,,,,,25.8
2019-12-18,,,,,,,,,,,,,,,,,,,25.755
2019-12-19,,,,,,,,,,,,,,,,,,,25.76
2019-12-20,,,,,,,,,,,,,,,,,,,25.77
2019-12-23,,,,,,,,,,,,,,,,,,,25.76
2019-12-24,,,,,,,,,,,,,,,,,,,25.765
2019-12-27,,,,,,,,,,,,,,,,,,,25.77
2019-12-30,,,,,,,,,,,,,,,,,,,25.69
2019-12-31,,,,,,,,,,,,,,,,,,,25.74
2020-01-02,,,,,,,,,,,,,,,,,,,25.76
2020-01-03,,,,,,,,,,,,,,,,,,,25.81
2020-01-06,,,,,,,,,,,,,,,,,,,25.775
2020-01-07,,,,,,,,,,,,,,,,,,,25.77
2020-01-08,,,,,,,,,,,,,,,,,,,25.745
2020-01-09,,,,,,,,,,,,,,,,,,,25.705
2020-01-10,,,,,,,,,,,,,,,,,,,25.72
2020-01-13,,,,,,,,,,,,,,,,,,,25.68
2020-01-14,,,,,,,,,,,,,,,,,,,25.695
2020-01-15,,,,,,,,,,,,,,,,,,,25.745
2020-01-16,,,,,,,,,,,,,,,,,,,25.765
2020-01-17,,,,,,,,,,,,,,,,,,,25.785
2020-01-20,,,,,,,,,,,,,,,,,,,25.79
2020-01-21,,,,,,,,,,,,,,,,,,,25.81
2020-01-22,,,,,,,,,,,,,,,,,,,25.795
2020-01-23,,,,,,,,,,,,,,,,,,,25.865
2020-01-24,,,,,,,,,,,,,,,,,,,25.885
2020-01-27,,,,,,,,,,,,,,,,,,,25.92
2020-01-28,,,,,,,,,,,,,,,,,,,25.87
2020-01-29,,,,,,,,,,,,,,,,,,,25.91
2020-01-30,,,,,,,,,,,,,,,,,,,25.94
2020-01-31,,,,,,,,,,,,,,,,,,,25.97
2020-02-03,,,,,,,,,,,,,,,,,,,25.96
2020-02-04,,,,,,,,,,,,,,,,,,,25.95
2020-02-05,,,,,,,,,,,,,,,,,,,25.925
2020-02-06,,,,,,,,,,,,,,,,,,,25.93
2020-02-07,,,,,,,,,,,,,,,,,,,25.945
2020-02-10,,,,,,,,,,,,,,,,,,,25.965
2020-02-11,,,,,,,,,,,,,,,,,,,25.955
2020-02-12,,,,,,,,,,,,,,,,,,,25.935
2020-02-13,,,,,,,,,,,,,,,,,,,25.95
2020-02-14,,,,,,,,,,,,,,,,,,,25.975
2020-02-17,,,,,,,,,,,,,,,,,,,25.97
2020-02-18,,,,,,,,,,,,,,,,,,,25.98
2020-02-19,,,,,,,,,,,,,,,,,,,25.995
2020-02-20,,,,,,,,,,,,,,,,,,,26.015
2020-02-21,,,,,,,,,,,,,,,,,,,26.005
2020-02-24,,,,,,,,,,,,,,,,,,,25.99
2020-02-25,,,,,,,,,,,,,,,,,,,25.95
2020-02-26,,,,,,,,,,,,,,,,,,,25.89
2020-02-27,,,,,,,,,,,,,,,,,,,25.785
2020-02-28,,,,,,,,,,,,,,,,,,,25.78
2020-03-02,,,,,,,,,,,,,,,,,,,25.785
2020-03-03,,,,,,,,,,,,,,,,,,,25.84
2020-03-04,,,,,,,,,,,,,,,,,,,25.88
2020-03-05,,,,,,,,,,,,,,,,,,,25.88
2020-03-06,,,,,,,,,,,,,,,,,,,25.72
2020-03-09,,,,,,,,,,,,,,,,,,,25.545
2020-03-10,,,,,,,,,,,,,,,,,,,25.405
2020-03-11,,,,,,,,,,,,,,,,,,,25.395
2020-03-12,,,,,,,,,,,,,,,,,,,24.79
2020-03-13,,,,,,,,,,,,,,,,,,,24.64
2020-03-16,,,,,,,,,,,,,,,,,,,24.615
2020-03-17,,,,,,,,,,,,,,,,,,,23.79
2020-03-18,,,,,,,,,,,,,,,,,,,22.695
2020-03-19,,,,,,,,,,,,,,,,,,,23.455
2020-03-20,,,,,,,,,,,,,,,,,,,24.06
2020-03-23,,,,,,,,,,,,,,,,,,,23.915
2020-03-24,,,,,,,,,,,,,,,,,,,24.09
2020-03-25,,,,,,,,,,,,,,,,,,,24.09
2020-03-26,,,,,,,,,,,,,,,,,,,24.415
2020-03-27,,,,,,,,,,,,,,,,,,,24.335
2020-03-30,,,,,,,,,,,,,,,,,,,24.4
2020-03-31,,,,,,,,,,,,,,,,,,,24.35
2020-04-01,,,,,,,,,,,,,,,,,,,24.225
2020-04-02,,,,,,,,,,,,,,,,,,,24.225
2020-04-03,,,,,,,,,,,,,,,,,,,24.205
2020-04-06,,,,,,,,,,,,,,,,,,,24.33
2020-04-07,,,,,,,,,,,,,,,,,,,24.34
2020-04-08,,,,,,,,,,,,,,,,,,,24.395
2020-04-09,,,,,,,,,,,,,,,,,,,24.87
2020-04-14,,,,,,,,,,,,,,,,,,,24.75
2020-04-15,,,,,,,,,,,,,,,,,,,24.57
2020-04-16,,,,,,,,,,,,,,,,,,,24.585
2020-04-17,,,,,,,,,,,,,,,,,,,24.67
2020-04-20,,,,,,,,,,,,,,,,,,,24.64
2020-04-21,,,,,,,,,,,,,,,,,,,24.585
2020-04-22,,,,,,,,,,,,,,,,,,,24.69
2020-04-23,,,,,,,,,,,,,,,,,,,24.78
2020-04-24,,,,,,,,,,,,,,,,,,,24.81
2020-04-27,,,,,,,,,,,,,,,,,,,24.9
2020-04-28,,,,,,,,,,,,,,,,,,,24.83
2020-04-29,,,,,,,,,,,,,,,,,,,24.67
2020-04-30,,,,,,,,,,,,,,,,,,,24.725
2020-05-04,,,,,,,,,,,,,,,,,,,24.635
2020-05-05,,,,,,,,,,,,,,,,,,,24.68
2020-05-06,,,,,,,,,,,,,,,,,,,24.545
2020-05-07,,,,,,,,,,,,,,,,,,,24.61
2020-05-08,,,,,,,,,,,,,,,,,,,24.63
2020-05-11,,,,,,,,,,,,,,,,,,,24.59
2020-05-12,,,,,,,,,,,,,,,,,,,24.61
2020-05-13,,,,,,,,,,,,,,,,,,,24.575
2020-05-14,,,,,,,,,,,,,,,,,,,24.535
2020-05-15,,,,,,,,,,,,,,,,,,,24.525
2020-05-18,,,,,,,,,,,,,,,,,,,24.565
2020-05-19,,,,,,,,,,,,,,,,,,,24.535
2020-05-20,,,,,,,,,,,,,,,,,,,24.605
2020-05-21,,,,,,,,,,,,,,,,,,,24.655
2020-05-22,,,,,,,,,,,,,,,,,,,24.65
2020-05-25,,,,,,,,,,,,,,,,,,,24.695
2020-05-26,,,,,,,,,,,,,,,,,,,24.635
2020-05-27,,,,,,,,,,,,,,,,,,,24.71
2020-05-28,,,,,,,,,,,,,,,,,,,24.725
2020-05-29,,,,,,,,,,,,,,,,,,,24.73
2020-06-01,,,,,,,,,,,,,,,,,,,24.725
2020-06-02,,,,,,,,,,,,,,,,,,,24.875
2020-06-03,,,,,,,,,,,,,,,,,,,24.95
2020-06-04,,,,,,,,,,,,,,,,,,,25.05
2020-06-05,,,,,,,,,,,,,,,,,,,25.15
2020-06-08,,,,,,,,,,,,,,,,,,,24.96
2020-06-09,,,,,,,,,,,,,,,,,,,24.94
2020-06-10,,,,,,,,,,,,,,,,,,,24.855
2020-06-11,,,,,,,,,,,,,,,,,,,24.895
2020-06-12,,,,,,,,,,,,,,,,,,,24.945
2020-06-15,,,,,,,,,,,,,,,,,,,24.965
2020-06-16,,,,,,,,,,,,,,,,,,,25.015
2020-06-17,,,,,,,,,,,,,,,,,,,24.94
2020-06-18,,,,,,,,,,,,,,,,,,,24.89
2020-06-19,,,,,,,,,,,,,,,,,,,24.925
2020-06-22,,,,,,,,,,,,,,,,,,,24.915
2020-06-23,,,,,,,,,,,,,,,,,,,24.915
2020-06-24,,,,,,,,,,,,,,,,,,,24.855
2020-06-25,,,,,,,,,,,,,,,,,,,24.965
2020-06-26,,,,,,,,,,,,,,,,,,,24.955
2020-06-29,,,,,,,,,,,,,,,,,,,24.965
2020-06-30,,,,,,,,,,,,,,,,,,,25.02
2020-07-01,,,,,,,,,,,,,,,,,,,24.96
2020-07-02,,,,,,,,,,,,,,,,,,,25.06
2020-07-03,,,,,,,,,,,,,,,,,,,25.005
2020-07-06,,,,,,,,,,,,,,,,,,,25.025
2020-07-07,,,,,,,,,,,,,,,,,,,25.005
2020-07-08,,,,,,,,,,,,,,,,,,,25.03
2020-07-09,,,,,,,,,,,,,,,,,,,25.025
2020-07-10,,,,,,,,,,,,,,,,,,,25.035
2020-07-13,,,,,,,,,,,,,,,,,,,25.02
2020-07-14,,,,,,,,,,,,,,,,,,,25.115
2020-07-15,,,,,,,,,,,,,,,,,,,25.085
2020-07-16,,,,,,,,,,,,,,,,,,,25.15
2020-07-17,,,,,,,,,,,,,,,,,,,25.14
2020-07-20,,,,,,,,,,,,,,,,,,,25.18
2020-07-21,,,,,,,,,,,,,,,,,,,25.21
2020-07-22,,,,,,,,,,,,,,,,,,,25.21
2020-07-23,,,,,,,,,,,,,,,,,,,25.215
2020-07-24,,,,,,,,,,,,,,,,,,,25.155
2020-07-27,,,,,,,,,,,,,,,,,,,25.25
2020-07-28,,,,,,,,,,,,,,,,,,,25.19
2020-07-29,,,,,,,,,,,,,,,,,,,25.16
2020-07-30,,,,,,,,,,,,,,,,,,,25.15
2020-07-31,,,,,,,,,,,,,,,,,,,25.155
2020-08-03,,,,,,,,,,,,,,,,,,,25.185
2020-08-04,,,,,,,,,,,,,,,,,,,25.235
2020-08-05,,,,,,,,,,,,,,,,,,,25.205
2020-08-06,,,,,,,,,,,,,,,,,,,25.275
2020-08-07,,,,,,,,,,,,,,,,,,,25.26
2020-08-10,,,,,,,,,,,,,,,,,,,25.31
2020-08-11,,,,,,,,,,,,,,,,,,,25.245
2020-08-12,,,,,,,,,,,,,,,,,,,25.26
2020-08-13,,,,,,,,,,,,,,,,,,,25.205
2020-08-14,,,,,,,,,,,,,,,,,,,25.17
2020-08-17,,,,,,,,,,,,,,,,,,,25.195
2020-08-18,,,,,,,,,,,,,,,,,,,25.195
2020-08-19,,,,,,,,,,,,,,,,,,,25.23
2020-08-20,,,,,,,,,,,,,,,,,,,25.24
2020-08-21,,,,,,,,,,,,,,,,,,,25.26
2020-08-24,,,,,,,,,,,,,,,,,,,25.255
2020-08-25,,,,,,,,,,,,,,,,,,,25.25
2020-08-26,,,,,,,,,,,,,,,,,,,25.155
2020-08-27,,,,,,,,,,,,,,,,,,,25.175
2020-08-28,,,,,,,,,,,,,,,,,,,25.205
2020-08-31,,,,,,,,,,,,,,,,,,,25.155
2020-09-01,,,,,,,,,,,,,,,,,,,25.18
2020-09-02,,,,,,,,,,,,,,,,,,,25.285
2020-09-03,,,,,,,,,,,,,,,,,,,25.26
2020-09-04,,,,,,,,,,,,,,,,,,,25.19
2020-09-07,,,,,,,,,,,,,,,,,,,25.24
2020-09-08,,,,,,,,,,,,,,,,,,,25.235
2020-09-09,,,,,,,,,,,,,,,,,,,25.215
2020-09-10,,,,,,,,,,,,,,,,,,,25.185
2020-09-11,,,,,,,,,,,,,,,,,,,25.245
2020-09-14,,,,,,,,,,,,,,,,,,,25.23
2020-09-15,,,,,,,,,,,,,,,,,,,25.25
2020-09-16,,,,,,,,,,,,,,,,,,,25.245
2020-09-17,,,,,,,,,,,,,,,,,,,25.25
2020-09-18,,,,,,,,,,,,,,,,,,,25.23
2020-09-21,,,,,,,,,,,,,,,,,,,25.205
2020-09-22,,,,,,,,,,,,,,,,,,,25.18
2020-09-23,,,,,,,,,,,,,,,,,,,25.22
2020-09-24,,,,,,,,,,,,,,,,,,,25.165
2020-09-25,,,,,,,,,,,,,,,,,,,25.18
2020-09-28,,,,,,,,,,,,,,,,,,,25.18
2020-09-29,,,,,,,,,,,,,,,,,,,25.205
2020-09-30,,,,,,,,,,,,,,,,,,,25.21
2020-10-01,,,,,,,,,,,,,,,,,,,25.255
2020-10-02,,,,,,,,,,,,,,,,,,,25.235
2020-10-05,,,,,,,,,,,,,,,,,,,25.245
2020-10-06,,,,,,,,,,,,,,,,,,,25.29
2020-10-07,,,,,,,,,,,,,,,,,,,25.235
2020-10-08,,,,,,,,,,,,,,,,,,,25.28
2020-10-09,,,,,,,,,,,,,,,,,,,25.31
2020-10-12,,,,,,,,,,,,,,,,,,,25.34
2020-10-13,,,,,,,,,,,,,,,,,,,25.35
2020-10-14,,,,,,,,,,,,,,,,,,,25.335
2020-10-15,,,,,,,,,,,,,,,,,,,24.96
2020-10-16,,,,,,,,,,,,,,,,,,,25.38
2020-10-19,,,,,,,,,,,,,,,,,,,25.395
2020-10-20,,,,,,,,,,,,,,,,,,,25.37
2020-10-21,,,,,,,,,,,,,,,,,,,25.37
2020-10-22,,,,,,,,,,,,,,,,,,,25.36
2020-10-23,,,,,,,,,,,,,,,,,,,25.365
2020-10-26,,,,,,,,,,,,,,,,,,,25.345
2020-10-27,,,,,,,,,,,,,,,,,,,25.38
2020-10-28,,,,,,,,,,,,,,,,,,,25.29
2020-10-29,,,,,,,,,,,,,,,,,,,25.34
2020-10-30,,,,,,,,,,,,,,,,,,,25.325
2020-11-02,,,,,,,,,,,,,,,,,,,25.36
2020-11-03,,,,,,,,,,,,,,,,,,,25.375
2020-11-04,,,,,,,,,,,,,,,,,,,25.42
2020-11-05,,,,,,,,,,,,,,,,,,,25.49
2020-11-06,,,,,,,,,,,,,,,,,,,25.475
2020-11-09,,,,,,,,,,,,,,,,,,,25.475
2020-11-10,,,,,,,,,,,,,,,,,,,25.44
2020-11-11,,,,,,,,,,,,,,,,,,,25.47
2020-11-12,,,,,,,,,,,,,,,,,,,25.47
2020-11-13,,,,,,,,,,,,,,,,,,,25.465
2020-11-16,,,,,,,,,,,,,,,,,,,25.54
2020-11-17,,,,,,,,,,,,,,,,,,,25.555
2020-11-18,,,,,,,,,,,,,,,,,,,25.555
2020-11-19,,,,,,,,,,,,,,,,,,,25.54
2020-11-20,,,,,,,,,,,,,,,,,,,25.555
2020-11-23,,,,,,,,,,,,,,,,,,,25.555
2020-11-24,,,,,,,,,,,,,,,,,,,25.6
2020-11-25,,,,,,,,,,,,,,,,,,,25.555
2020-11-26,,,,,,,,,,,,,,,,,,,25.55
2020-11-27,,,,,,,,,,,,,,,,,,,25.57
2020-11-30,,,,,,,,,,,,,,,,,,,25.555
2020-12-01,,,,,,,,,,,,,,,,,,,25.615
2020-12-02,,,,,,,,,,,,,,,,,,,25.45
2020-12-03,,,,,,,,,,,,,,,,,,,25.58
2020-12-04,,,,,,,,,,,,,,,,,,,25.525
2020-12-07,,,,,,,,,,,,,,,,,,,25.62
2020-12-08,,,,,,,,,,,,,,,,,,,25.62
2020-12-09,,,,,,,,,,,,,,,,,,,25.645
2020-12-10,,,,,,,,,,,,,,,,,,,25.62
2020-12-11,,,,,,,,,,,,,,,,,,,25.64
2020-12-14,,,,,,,,,,,,,,,,,,,25.62
2020-12-15,,,,,,,,,,,,,,,,,,,25.615
2020-12-16,,,,,,,,,,,,,,,,,,,25.62
2020-12-17,,,,,,,,,,,,,,,,,,,25.61
2020-12-18,,,,,,,,,,,,,,,,,,,25.625
2020-12-21,,,,,,,,,,,,,,,,,,,25.59
2020-12-22,,,,,,,,,,,,,,,,,,,25.64
2020-12-23,,,,,,,,,,,,,,,,,,,25.56
2020-12-24,,,,,,,,,,,,,,,,,,,25.59
2020-12-28,,,,,,,,,,,,,,,,,,,25.595
2020-12-29,,,,,,,,,,,,,,,,,,,25.645
2020-12-30,,,,,,,,,,,,,,,,,,,25.615
2020-12-31,,,,,,,,,,,,,,,,,,,25.62
2021-01-04,,,,,,,,,,,,,,,,,,,25.67
2021-01-05,,,,,,,,,,,,,,,,,,,25.605
2021-01-06,,,,,,,,,,,,,,,,,,,25.625
2021-01-07,,,,,,,,,,,,,,,,,,,25.6
2021-01-08,,,,,,,,,,,,,,,,,,,25.615
2021-01-11,,,,,,,,,,,,,,,,,,,25.58
2021-01-12,,,,,,,,,,,,,,,,,,,25.545
2021-01-13,,,,,,,,,,,,,,,,,,,25.6
2021-01-14,,,,,,,,,,,,,,,,,,,25.585
2021-01-15,,,,,,,,,,,,,,,,,,,25.56
2021-01-18,,,,,,,,,,,,,,,,,,,25.59
2021-01-19,,,,,,,,,,,,,,,,,,,25.62
2021-01-20,,,,,,,,,,,,,,,,,,,25.63
2021-01-21,,,,,,,,,,,,,,,,,,,25.545
2021-01-22,,,,,,,,,,,,,,,,,,,25.585
2021-01-25,,,,,,,,,,,,,,,,,,,25.59
2021-01-26,,,,,,,,,,,,,,,,,,,25.54
2021-01-27,,,,,,,,,,,,,,,,,,,25.555
2021-01-28,,,,,,,,,,,,,,,,,,,25.465
2021-01-29,,,,,,,,,,,,,,,,,,,25.545
2021-02-01,,,,,,,,,,,,,,,,,,,25.49
2021-02-02,,,,,,,,,,,,,,,,,,,25.565
2021-02-03,,,,,,,,,,,,,,,,,,,25.57
2021-02-04,,,,,,,,,,,,,,,,,,,25.575
2021-02-05,,,,,,,,,,,,,,,,,,,25.57
2021-02-08,,,,,,,,,,,,,,,,,,,25.565
2021-02-09,,,,,,,,,,,,,,,,,,,25.635
2021-02-10,,,,,,,,,,,,,,,,,,,25.605
2021-02-11,,,,,,,,,,,,,,,,,,,25.585
2021-02-12,,,,,,,,,,,,,,,,,,,25.54
2021-02-15,,,,,,,,,,,,,,,,,,,25.52
2021-02-16,,,,,,,,,,,,,,,,,,,25.505
2021-02-17,,,,,,,,,,,,,,,,,,,25.53
2021-02-18,,,,,,,,,,,,,,,,,,,25.475
2021-02-19,,,,,,,,,,,,,,,,,,,25.47
2021-02-22,,,,,,,,,,,,,,,,,,,25.485
2021-02-23,,,,,,,,,,,,,,,,,,,25.435
2021-02-24,,,,,,,,,,,,,,,,,,,25.44
2021-02-25,,,,,,,,,,,,,,,,,,,25.315
2021-02-26,,,,,,,,,,,,,,,,,,,25.375
2021-03-01,,,,,,,,,,,,,,,,,,,25.67
2021-03-02,,,,,,,,,,,,,,,,,,,25.47
2021-03-03,,,,,,,,,,,,,,,,,,,25.42
2021-03-04,,,,,,,,,,,,,,,,,,,25.445
2021-03-05,,,,,,,,,,,,,,,,,,,25.4
2021-03-08,,,,,,,,,,,,,,,,,,,25.295
2021-03-09,,,,,,,,,,,,,,,,,,,25.41
2021-03-10,,,,,,,,,,,,,,,,,,,25.475
2021-03-11,,,,,,,,,,,,,,,,,,,25.44
2021-03-12,,,,,,,,,,,,,,,,,,,25.395
2021-03-15,,,,,,,,,,,,,,,,,,,25.435
2021-03-16,,,,,,,,,,,,,,,,,,,25.42
2021-03-17,,,,,,,,,,,,,,,,,,,25.375
2021-03-18,,,,,,,,,,,,,,,,,,,25.36
2021-03-19,,,,,,,,,,,,,,,,,,,25.4
2021-03-22,,,,,,,,,,,,,,,,,,,25.43
2021-03-23,,,,,,,,,,,,,,,,,,,25.445
2021-03-24,,,,,,,,,,,,,,,,,,,25.455
2021-03-25,,,,,,,,,,,,,,,,,,,25.47
2021-03-26,,,,,,,,,,,,,,,,,,,25.445
2021-03-29,,,,,,,,,,,,,,,,,,,25.505
2021-03-30,,,,,,,,,,,,,,,,,,,25.42
2021-03-31,,,,,,,,,,,,,,,,,,,25.475
2021-04-01,,,,,,,,,,,,,,,,,,,25.52
2021-04-06,,,,,,,,,,,,,,,,,,,25.5
2021-04-07,,,,,,,,,,,,,,,,,,,25.505
2021-04-08,,,,,,,,,,,,,,,,,,,25.525
2021-04-09,,,,,,,,,,,,,,,,,,,25.475
2021-04-12,,,,,,,,,,,,,,,,,,,25.48
2021-04-13,,,,,,,,,,,,,,,,,,,25.465
2021-04-14,,,,,,,,,,,,,,,,,,,25.45
2021-04-15,,,,,,,,,,,,,,,,,,,25.51
2021-04-16,,,,,,,,,,,,,,,,,,,25.305
2021-04-19,,,,,,,,,,,,,,,,,,,25.52
2021-04-20,,,,,,,,,,,,,,,,,,,25.53
2021-04-21,,,,,,,,,,,,,,,,,,,25.47
2021-04-22,,,,,,,,,,,,,,,,,,,25.555
2021-04-23,,,,,,,,,,,,,,,,,,,25.475
2021-04-26,,,,,,,,,,,,,,,,,,,25.475
2021-04-27,,,,,,,,,,,,,,,,,,,25.47
2021-04-28,,,,,,,,,,,,,,,,,,,25.265
2021-04-29,,,,,,,,,,,,,,,,,,,25.24
2021-04-30,,,,,,,,,,,,,,,,,,,25.27
2021-05-03,,,,,,,,,,,,,,,,,,,25.275
2021-05-04,,,,,,,,,,,,,,,,,,,25.29
2021-05-05,,,,,,,,,,,,,,,,,,,25.435
2021-05-06,,,,,,,,,,,,,,,,,,,25.29
2021-05-07,,,,,,,,,,,,,,,,,,,25.35
2021-05-10,,,,,,,,,,,,,,,,,,,25.35
2021-05-11,,,,,,,,,,,,,,,,,,,25.295
2021-05-12,,,,,,,,,,,,,,,,,,,25.175
2021-05-13,,,,,,,,,,,,,,,,,,,25.165
2021-05-14,,,,,,,,,,,,,,,,,,,25.19
2021-05-17,,,,,,,,,,,,,,,,,,,25.17
2021-05-18,,,,,,,,,,,,,,,,,,,25.185
2021-05-19,,,,,,,,,,,,,,,,,,,25.15
2021-05-20,,,,,,,,,,,,,,,,,,,25.135
2021-05-21,,,,,,,,,,,,,,,,,,,25.16
2021-05-24,,,,,,,,,,,,,,,,,,,25.175
2021-05-25,,,,,,,,,,,,,,,,,,,25.205
2021-05-26,,,,,,,,,,,,,,,,,,,25.23
2021-05-27,,,,,,,,,,,,,,,,,,,25.205
2021-05-28,,,,,,,,,,,,,,,,,,,25.235
2021-05-31,,,,,,,,,,,,,,,,,,,25.23
2021-06-01,,,,,,,,,,,,,,,,,,,25.23
2021-06-02,,,,,,,,,,,,,,,,,,,25.26
2021-06-03,,,,,,,,,,,,,,,,,,,25.245
2021-06-04,,,,,,,,,,,,,,,,,,,25.295
2021-06-07,,,,,,,,,,,,,,,,,,,25.27
2021-06-08,,,,,,,,,,,,,,,,,,,25.305
2021-06-09,,,,,,,,,,,,,,,,,,,25.32
2021-06-10,,,,,,,,,,,,,,,,,,,25.315
2021-06-11,,,,,,,,,,,,,,,,,,,25.33
2021-06-14,,,,,,,,,,,,,,,,,,,25.315
2021-06-15,,,,,,,,,,,,,,,,,,,25.3
2021-06-16,,,,,,,,,,,,,,,,,,,25.315
2021-06-17,,,,,,,,,,,,,,,,,,,25.29
2021-06-18,,,,,,,,,,,,,,,,,,,25.285
2021-06-21,,,,,,,,,,,,,,,,,,,25.26
2021-06-22,,,,,,,,,,,,,,,,,,,25.245
2021-06-23,,,,,,,,,,,,,,,,,,,25.285
2021-06-24,,,,,,,,,,,,,,,,,,,25.28
2021-06-25,,,,,,,,,,,,,,,,,,,25.255
2021-06-28,,,,,,,,,,,,,,,,,,,25.29
2021-06-29,,,,,,,,,,,,,,,,,,,25.28
2021-06-30,,,,,,,,,,,,,,,,,,,25.32
2021-07-01,,,,,,,,,,,,,,,,,,,25.31
2021-07-02,,,,,,,,,,,,,,,,,,,25.345
2021-07-05,,,,,,,,,,,,,,,,,,,25.33
2021-07-06,,,,,,,,,,,,,,,,,,,25.39
2021-07-07,,,,,,,,,,,,,,,,,,,25.34
2021-07-08,,,,,,,,,,,,,,,,,,,25.49
2021-07-09,,,,,,,,,,,,,,,,,,,25.385
2021-07-12,,,,,,,,,,,,,,,,,,,25.415
2021-07-13,,,,,,,,,,,,,,,,,,,25.405
2021-07-14,,,,,,,,,,,,,,,,,,,25.43
2021-07-15,,,,,,,,,,,,,,,,,,,25.43
2021-07-16,,,,,,,,,,,,,,,,,,,25.45
2021-07-19,,,,,,,,,,,,,,,,,,,25.45
2021-07-20,,,,,,,,,,,,,,,,,,,25.475
2021-07-21,,,,,,,,,,,,,,,,,,,25.465
2021-07-22,,,,,,,,,,,,,,,,,,,25.505
2021-07-23,,,,,,,,,,,,,,,,,,,25.51
2021-07-26,,,,,,,,,,,,,,,,,,,25.52
2021-07-27,,,,,,,,,,,,,,,,,,,25.535
2021-07-28,,,,,,,,,,,,,,,,,,,25.545
2021-07-29,,,,,,,,,,,,,,,,,,,25.55
2021-07-30,,,,,,,,,,,,,,,,,,,25.55
2021-08-02,,,,,,,,,,,,,,,,,,,25.565
2021-08-03,,,,,,,,,,,,,,,,,,,25.565
2021-08-04,,,,,,,,,,,,,,,,,,,25.585
2021-08-05,,,,,,,,,,,,,,,,,,,25.585
2021-08-06,,,,,,,,,,,,,,,,,,,25.53
2021-08-09,,,,,,,,,,,,,,,,,,,25.545
2021-08-10,,,,,,,,,,,,,,,,,,,25.535
2021-08-11,,,,,,,,,,,,,,,,,,,25.53
2021-08-12,,,,,,,,,,,,,,,,,,,25.545
2021-08-13,,,,,,,,,,,,,,,,,,,25.54
2021-08-16,,,,,,,,,,,,,,,,,,,25.54
2021-08-17,,,,,,,,,,,,,,,,,,,25.525
2021-08-18,,,,,,,,,,,,,,,,,,,25.545
2021-08-19,,,,,,,,,,,,,,,,,,,25.54
2021-08-20,,,,,,,,,,,,,,,,,,,25.55
2021-08-23,,,,,,,,,,,,,,,,,,,25.53
2021-08-24,,,,,,,,,,,,,,,,,,,25.525
2021-08-25,,,,,,,,,,,,,,,,,,,25.475
2021-08-26,,,,,,,,,,,,,,,,,,,25.47
2021-08-27,,,,,,,,,,,,,,,,,,,25.48
2021-08-30,,,,,,,,,,,,,,,,,,,25.5
2021-08-31,,,,,,,,,,,,,,,,,,,25.455
2021-09-01,,,,,,,,,,,,,,,,,,,25.455
2021-09-02,,,,,,,,,,,,,,,,,,,25.475
2021-09-03,,,,,,,,,,,,,,,,,,,25.44
2021-09-06,,,,,,,,,,,,,,,,,,,25.45
2021-09-07,,,,,,,,,,,,,,,,,,,25.255
2021-09-08,,,,,,,,,,,,,,,,,,,25.3
2021-09-09,,,,,,,,,,,,,,,,,,,25.35
2021-09-10,,,,,,,,,,,,,,,,,,,25.405
2021-09-13,,,,,,,,,,,,,,,,,,,25.41
2021-09-14,,,,,,,,,,,,,,,,,,,25.445
2021-09-15,,,,,,,,,,,,,,,,,,,25.4
2021-09-16,,,,,,,,,,,,,,,,,,,25.4
2021-09-17,,,,,,,,,,,,,,,,,,,25.39
2021-09-20,,,,,,,,,,,,,,,,,,,25.41
2021-09-21,,,,,,,,,,,,,,,,,,,25.425
2021-09-22,,,,,,,,,,,,,,,,,,,25.42
2021-09-23,,,,,,,,,,,,,,,,,,,25.355
2021-09-24,,,,,,,,,,,,,,,,,,,25.23
2021-09-27,,,,,,,,,,,,,,,,,,,25.34
2021-09-28,,,,,,,,,,,,,,,,,,,25.305
2021-09-29,,,,,,,,,,,,,,,,,,,25.33
2021-09-30,,,,,,,,,,,,,,,,,,,25.305
2021-10-01,,,,,,,,,,,,,,,,,,,25.34
2021-10-04,,,,,,,,,,,,,,,,,,,25.33
2021-10-05,,,,,,,,,,,,,,,,,,,25.31
2021-10-06,,,,,,,,,,,,,,,,,,,25.275
2021-10-07,,,,,,,,,,,,,,,,,,,25.29
2021-10-08,,,,,,,,,,,,,,,,,,,25.24
2021-10-11,,,,,,,,,,,,,,,,,,,25.205
2021-10-12,,,,,,,,,,,,,,,,,,,25.165
2021-10-13,,,,,,,,,,,,,,,,,,,25.2
2021-10-14,,,,,,,,,,,,,,,,,,,25.275
2021-10-15,,,,,,,,,,,,,,,,,,,25.24
2021-10-18,,,,,,,,,,,,,,,,,,,25.195
2021-10-19,,,,,,,,,,,,,,,,,,,25.17
2021-10-20,,,,,,,,,,,,,,,,,,,25.215
2021-10-21,,,,,,,,,,,,,,,,,,,25.155
2021-10-22,,,,,,,,,,,,,,,,,,,25.165
2021-10-25,,,,,,,,,,,,,,,,,,,25.195
2021-10-26,,,,,,,,,,,,,,,,,,,25.205
2021-10-27,,,,,,,,,,,,,,,,,,,25.235
2021-10-28,,,,,,,,,,,,,,,,,,,25.195
2021-10-29,,,,,,,,,,,,,,,,,,,25.135
2021-11-01,,,,,,,,,,,,,,,,,,,25.15
2021-11-02,,,,,,,,,,,,,,,,,,,25.225
2021-11-03,,,,,,,,,,,,,,,,,,,25.205
2021-11-04,,,,,,,,,,,,,,,,,,,25.285
2021-11-05,,,,,,,,,,,,,,,,,,,25.335
2021-11-08,,,,,,,,,,,,,,,,,,,25.31
2021-11-09,,,,,,,,,,,,,,,,,,,25.345
2021-11-10,,,,,,,,,,,,,,,,,,,25.285
2021-11-11,,,,,,,,,,,,,,,,,,,25.27
2021-11-12,,,,,,,,,,,,,,,,,,,25.29
2021-11-15,,,,,,,,,,,,,,,,,,,25.25
2021-11-16,,,,,,,,,,,,,,,,,,,25.22
2021-11-17,,,,,,,,,,,,,,,,,,,25.195
2021-11-18,,,,,,,,,,,,,,,,,,,25.255
2021-11-19,,,,,,,,,,,,,,,,,,,25.305
2021-11-22,,,,,,,,,,,,,,,,,,,25.25
2021-11-23,,,,,,,,,,,,,,,,,,,25.19
2021-11-24,,,,,,,,,,,,,,,,,,,25.165
2021-11-25,,,,,,,,,,,,,,,,,,,25.15
2021-11-26,,,,,,,,,,,,,,,,,,,25.12
2021-11-29,,,,,,,,,,,,,,,,,,,25.15
2021-11-30,,,,,,,,,,,,,,,,,,,25.165
2021-12-01,,,,,,,,,,,,,,,,,,,25.21
2021-12-02,,,,,,,,,,,,,,,,,,,25.235
2021-12-03,,,,,,,,,,,,,,,,,,,25.235
2021-12-06,,,,,,,,,,,,,,,,,,,25.265
2021-12-07,,,,,,,,,,,,,,,,,,,25.29
2021-12-08,,,,,,,,,,,,,,,,,,,25.22
2021-12-09,,,,,,,,,,,,,,,,,,,25.26
2021-12-10,,,,,,,,,,,,,,,,,,,25.26
2021-12-13,,,,,,,,,,,,,,,,,,,25.28
2021-12-14,,,,,,,,,,,,,,,,,,,25.26
2021-12-15,,,,,,,,,,,,,,,,,,,25.245
2021-12-16,,,,,,,,,,,,,,,,,,,25.28
2021-12-17,,,,,,,,,,,,,,,,,,,25.295
2021-12-20,,,,,,,,,,,,,,,,,,,25.285
2021-12-21,,,,,,,,,,,,,,,,,,,25.245
2021-12-22,,,,,,,,,,,,,,,,,,,25.26
2021-12-23,,,,,,,,,,,,,,,,,,,25.24
2021-12-24,,,,,,,,,,,,,,,,,,,25.24
2021-12-27,,,,,,,,,,,,,,,,,,,25.235
2021-12-28,,,,,,,,,,,,,,,,,,,25.235
2021-12-29,,,,,,,,,,,,,,,,,,,25.195
2021-12-30,,,,,,,,,,,,,,,,,,,25.185
2021-12-31,,,,,,,,,,,,,,,,,,,25.19
2022-01-03,,,,,,,,,,,,,,,,,,,25.13
2022-01-04,,,,,,,,,,,,,,,,,,,25.145
2022-01-05,,,,,,,,,,,,,,,,,,,25.13
2022-01-06,,,,,,,,,,,,,,,,,,,25.1
2022-01-07,,,,,,,,,,,,,,,,,,,25.09
2022-01-10,,,,,,,,,,,,,,,,,,,25.05
2022-01-11,,,,,,,,,,,,,,,,,,,25.035
2022-01-12,,,,,,,,,,,,,,,,,,,25.055
2022-01-13,,,,,,,,,,,,,,,,,,,25.05
2022-01-14,,,,,,,,,,,,,,,,,,,25.02
2022-01-17,,,,,,,,,,,,,,,,,,,25.005
2022-01-18,,,,,,,,,,,,,,,,,,,24.99
2022-01-19,,,,,,,,,,,,,,,,,,,25.015
2022-01-20,,,,,,,,,,,,,,,,,,,25.035
2022-01-21,,,,,,,,,,,,,,,,,,,25.04
2022-01-24,,,,,,,,,,,,,,,,,,,25.02
2022-01-25,,,,,,,,,,,,,,,,,,,24.995
2022-01-26,,,,,,,,,,,,,,,,,,,25.015
2022-01-27,,,,,,,,,,,,,,,,,,,24.985
2022-01-28,,,,,,,,,,,,,,,,,,,24.925
2022-01-31,,,,,,,,,,,,,,,,,,,24.87
2022-02-01,,,,,,,,,,,,,,,,,,,24.885
2022-02-02,,,,,,,,,,,,,,,,,,,24.89
2022-02-03,,,,,,,,,,,,,,,,,,,24.67
2022-02-04,,,,,,,,,,,,,,,,,,,24.545
2022-02-07,,,,,,,,,,,,,,,,,,,24.475
2022-02-08,,,,,,,,,,,,,,,,,,,24.52
2022-02-09,,,,,,,,,,,,,,,,,,,24.59
2022-02-10,,,,,,,,,,,,,,,,,,,24.45
2022-02-11,,,,,,,,,,,,,,,,,,,24.46
2022-02-14,,,,,,,,,,,,,,,,,,,24.455
2022-02-15,,,,,,,,,,,,,,,,,,,24.46
2022-02-16,,,,,,,,,,,,,,,,,,,24.49
2022-02-17,,,,,,,,,,,,,,,,,,,24.495
2022-02-18,,,,,,,,,,,,,,,,,,,24.51
2022-02-21,,,,,,,,,,,,,,,,,,,24.485
2022-02-22,,,,,,,,,,,,,,,,,,,24.44
2022-02-23,,,,,,,,,,,,,,,,,,,24.415
2022-02-24,,,,,,,,,,,,,,,,,,,24.5
2022-02-25,,,,,,,,,,,,,,,,,,,24.42
2022-02-28,,,,,,,,,,,,,,,,,,,24.475
2022-03-01,,,,,,,,,,,,,,,,,,,24.7
2022-03-02,,,,,,,,,,,,,,,,,,,24.57
2022-03-03,,,,,,,,,,,,,,,,,,,24.54
2022-03-04,,,,,,,,,,,,,,,,,,,24.575
2022-03-07,,,,,,,,,,,,,,,,,,,24.295
2022-03-08,,,,,,,,,,,,,,,,,,,24.34
2022-03-09,,,,,,,,,,,,,,,,,,,24.395
2022-03-10,,,,,,,,,,,,,,,,,,,24.26
2022-03-11,,,,,,,,,,,,,,,,,,,24.24
2022-03-14,,,,,,,,,,,,,,,,,,,24.185
2022-03-15,,,,,,,,,,,,,,,,,,,24.23
2022-03-16,,,,,,,,,,,,,,,,,,,24.26
2022-03-17,,,,,,,,,,,,,,,,,,,24.28
2022-03-18,,,,,,,,,,,,,,,,,,,24.365
2022-03-21,,,,,,,,,,,,,,,,,,,24.23
2022-03-22,,,,,,,,,,,,,,,,,,,24.205
2022-03-23,,,,,,,,,,,,,,,,,,,24.24
2022-03-24,,,,,,,,,,,,,,,,,,,24.21
2022-03-25,,,,,,,,,,,,,,,,,,,24.165
2022-03-28,,,,,,,,,,,,,,,,,,,24.18
2022-03-29,,,,,,,,,,,,,,,,,,,24.135
2022-03-30,,,,,,,,,,,,,,,,,,,24.125
2022-03-31,,,,,,,,,,,,,,,,,,,24.205
2022-04-01,,,,,,,,,,,,,,,,,,,24.2
2022-04-04,,,,,,,,,,,,,,,,,,,24.32
2022-04-05,,,,,,,,,,,,,,,,,,,24.14
2022-04-06,,,,,,,,,,,,,,,,,,,24.12
2022-04-07,,,,,,,,,,,,,,,,,,,24.1
2022-04-08,,,,,,,,,,,,,,,,,,,24.085
2022-04-11,,,,,,,,,,,,,,,,,,,23.96
2022-04-12,,,,,,,,,,,,,,,,,,,23.995
2022-04-13,,,,,,,,,,,,,,,,,,,24.0
2022-04-14,,,,,,,,,,,,,,,,,,,23.985
2022-04-19,,,,,,,,,,,,,,,,,,,23.935
2022-04-20,,,,,,,,,,,,,,,,,,,23.99
2022-04-21,,,,,,,,,,,,,,,,,,,23.89
2022-04-22,,,,,,,,,,,,,,,,,,,23.81
2022-04-25,,,,,,,,,,,,,,,,,,,23.875
2022-04-26,,,,,,,,,,,,,,,,,,,23.865
2022-04-27,,,,,,,,,,,,,,,,,,,23.825
2022-04-28,,,,,,,,,,,,,,,,,,,23.645
2022-04-29,,,,,,,,,,,,,,,,,,,23.595
2022-05-02,,,,,,,,,,,,,,,,,,,23.565
2022-05-03,,,,,,,,,,,,,,,,,,,23.595
2022-05-04,,,,,,,,,,,,,,,,,,,23.53
2022-05-05,,,,,,,,,,,,,,,,,,,23.48
2022-05-06,,,,,,,,,,,,,,,,,,,23.37
2022-05-09,,,,,,,,,,,,,,,,,,,23.415
2022-05-10,,,,,,,,,,,,,,,,,,,23.505
2022-05-11,,,,,,,,,,,,,,,,,,,23.535
2022-05-12,,,,,,,,,,,,,,,,,,,23.625
2022-05-13,,,,,,,,,,,,,,,,,,,23.615
2022-05-16,,,,,,,,,,,,,,,,,,,23.615
2022-05-17,,,,,,,,,,,,,,,,,,,23.52
2022-05-18,,,,,,,,,,,,,,,,,,,23.495
2022-05-19,,,,,,,,,,,,,,,,,,,23.52
2022-05-20,,,,,,,,,,,,,,,,,,,23.51
2022-05-23,,,,,,,,,,,,,,,,,,,23.45
2022-05-24,,,,,,,,,,,,,,,,,,,23.49
2022-05-25,,,,,,,,,,,,,,,,,,,23.535
2022-05-26,,,,,,,,,,,,,,,,,,,23.585
2022-05-27,,,,,,,,,,,,,,,,,,,23.635
2022-05-30,,,,,,,,,,,,,,,,,,,23.56
2022-05-31,,,,,,,,,,,,,,,,,,,23.45
2022-06-01,,,,,,,,,,,,,,,,,,,23.425
2022-06-02,,,,,,,,,,,,,,,,,,,23.39
2022-06-03,,,,,,,,,,,,,,,,,,,23.365
2022-06-06,,,,,,,,,,,,,,,,,,,23.33
2022-06-07,,,,,,,,,,,,,,,,,,,23.365
2022-06-08,,,,,,,,,,,,,,,,,,,23.275
2022-06-09,,,,,,,,,,,,,,,,,,,23.12
2022-06-10,,,,,,,,,,,,,,,,,,,22.94
2022-06-13,,,,,,,,,,,,,,,,,,,22.72
2022-06-14,,,,,,,,,,,,,,,,,,,22.56
2022-06-15,,,,,,,,,,,,,,,,,,,22.815
2022-06-16,,,,,,,,,,,,,,,,,,,22.66
2022-06-17,,,,,,,,,,,,,,,,,,,22.735
2022-06-20,,,,,,,,,,,,,,,,,,,22.72
2022-06-21,,,,,,,,,,,,,,,,,,,22.77
2022-06-22,,,,,,,,,,,,,,,,,,,22.845
2022-06-23,,,,,,,,,,,,,,,,,,,22.935
2022-06-24,,,,,,,,,,,,,,,,,,,22.965
2022-06-27,,,,,,,,,,,,,,,,,,,22.86
2022-06-28,,,,,,,,,,,,,,,,,,,22.77
2022-06-29,,,,,,,,,,,,,,,,,,,22.81
2022-06-30,,,,,,,,,,,,,,,,,,,22.94
2022-07-01,,,,,,,,,,,,,,,,,,,23.12
2022-07-04,,,,,,,,,,,,,,,,,,,23.025
2022-07-05,,,,,,,,,,,,,,,,,,,23.15
2022-07-06,,,,,,,,,,,,,,,,,,,23.235
2022-07-07,,,,,,,,,,,,,,,,,,,23.2
2022-07-08,,,,,,,,,,,,,,,,,,,23.185
2022-07-11,,,,,,,,,,,,,,,,,,,23.26
2022-07-12,,,,,,,,,,,,,,,,,,,23.345
2022-07-13,,,,,,,,,,,,,,,,,,,23.28
2022-07-14,,,,,,,,,,,,,,,,,,,23.185
2022-07-15,,,,,,,,,,,,,,,,,,,23.295
2022-07-18,,,,,,,,,,,,,,,,,,,23.22
2022-07-19,,,,,,,,,,,,,,,,,,,23.295
2022-07-20,,,,,,,,,,,,,,,,,,,23.31
2022-07-21,,,,,,,,,,,,,,,,,,,23.315
2022-07-22,,,,,,,,,,,,,,,,,,,23.56
2022-07-25,,,,,,,,,,,,,,,,,,,23.54
2022-07-26,,,,,,,,,,,,,,,,,,,23.45
2022-07-27,,,,,,,,,,,,,,,,,,,23.505
2022-07-28,,,,,,,,,,,,,,,,,,,23.705
2022-07-29,,,,,,,,,,,,,,,,,,,23.7
2022-08-01,,,,,,,,,,,,,,,,,,,23.705
2022-08-02,,,,,,,,,,,,,,,,,,,23.64
2022-08-03,,,,,,,,,,,,,,,,,,,23.59
2022-08-04,,,,,,,,,,,,,,,,,,,23.655
2022-08-05,,,,,,,,,,,,,,,,,,,23.52
2022-08-08,,,,,,,,,,,,,,,,,,,23.565
2022-08-09,,,,,,,,,,,,,,,,,,,23.495
2022-08-10,,,,,,,,,,,,,,,,,,,23.61
2022-08-11,,,,,,,,,,,,,,,,,,,23.555
2022-08-12,,,,,,,,,,,,,,,,,,,23.585
2022-08-15,,,,,,,,,,,,,,,,,,,23.62
2022-08-16,,,,,,,,,,,,,,,,,,,23.51
2022-08-17,,,,,,,,,,,,,,,,,,,23.35
2022-08-18,,,,,,,,,,,,,,,,,,,23.39
2022-08-19,,,,,,,,,,,,,,,,,,,23.25
2022-08-22,,,,,,,,,,,,,,,,,,,23.14
2022-08-23,,,,,,,,,,,,,,,,,,,23.175
2022-08-24,,,,,,,,,,,,,,,,,,,23.17
2022-08-25,,,,,,,,,,,,,,,,,,,23.245
2022-08-26,,,,,,,,,,,,,,,,,,,23.11
2022-08-29,,,,,,,,,,,,,,,,,,,22.995
2022-08-30,,,,,,,,,,,,,,,,,,,22.955
2022-08-31,,,,,,,,,,,,,,,,,,,22.91
2022-09-01,,,,,,,,,,,,,,,,,,,22.895
2022-09-02,,,,,,,,,,,,,,,,,,,23.045
2022-09-05,,,,,,,,,,,,,,,,,,,22.91
2022-09-06,,,,,,,,,,,,,,,,,,,22.925
2022-09-07,,,,,,,,,,,,,,,,,,,22.96
2022-09-08,,,,,,,,,,,,,,,,,,,22.89
2022-09-09,,,,,,,,,,,,,,,,,,,22.925
2022-09-12,,,,,,,,,,,,,,,,,,,22.97
2022-09-13,,,,,,,,,,,,,,,,,,,22.815
2022-09-14,,,,,,,,,,,,,,,,,,,22.87
2022-09-15,,,,,,,,,,,,,,,,,,,22.81
2022-09-16,,,,,,,,,,,,,,,,,,,22.72
2022-09-19,,,,,,,,,,,,,,,,,,,22.725
2022-09-20,,,,,,,,,,,,,,,,,,,22.595
2022-09-21,,,,,,,,,,,,,,,,,,,22.625
2022-09-22,,,,,,,,,,,,,,,,,,,22.54
2022-09-23,,,,,,,,,,,,,,,,,,,22.47
2022-09-26,,,,,,,,,,,,,,,,,,,22.385
2022-09-27,,,,,,,,,,,,,,,,,,,22.275
2022-09-28,,,,,,,,,,,,,,,,,,,22.355
2022-09-29,,,,,,,,,,,,,,,,,,,22.295
2022-09-30,,,,,,,,,,,,,,,,,,,22.435
2022-10-03,,,,,,,,,,,,,,,,,,,22.545
2022-10-04,,,,,,,,,,,,,,,,,,,22.675
2022-10-05,,,,,,,,,,,,,,,,,,,22.49
2022-10-06,,,,,,,,,,,,,,,,,,,22.455
2022-10-07,,,,,,,,,,,,,,,,,,,22.345
2022-10-10,,,,,,,,,,,,,,,,,,,22.24
2022-10-11,,,,,,,,,,,,,,,,,,,22.235
2022-10-12,,,,,,,,,,,,,,,,,,,22.185
2022-10-13,,,,,,,,,,,,,,,,,,,22.245
2022-10-14,,,,,,,,,,,,,,,,,,,22.225
2022-10-17,,,,,,,,,,,,,,,,,,,22.3
2022-10-18,,,,,,,,,,,,,,,,,,,22.3
2022-10-19,,,,,,,,,,,,,,,,,,,22.23
2022-10-20,,,,,,,,,,,,,,,,,,,22.24
2022-10-21,,,,,,,,,,,,,,,,,,,22.21
2022-10-24,,,,,,,,,,,,,,,,,,,22.295
2022-10-25,,,,,,,,,,,,,,,,,,,22.425
2022-10-26,,,,,,,,,,,,,,,,,,,22.45
2022-10-27,,,,,,,,,,,,,,,,,,,22.585
2022-10-28,,,,,,,,,,,,,,,,,,,22.495
2022-10-31,,,,,,,,,,,,,,,,,,,22.305
2022-11-01,,,,,,,,,,,,,,,,,,,22.48
2022-11-02,,,,,,,,,,,,,,,,,,,22.49
2022-11-03,,,,,,,,,,,,,,,,,,,22.415
2022-11-04,,,,,,,,,,,,,,,,,,,22.455
2022-11-07,,,,,,,,,,,,,,,,,,,22.43
2022-11-08,,,,,,,,,,,,,,,,,,,22.46
2022-11-09,,,,,,,,,,,,,,,,,,,22.48
2022-11-10,,,,,,,,,,,,,,,,,,,22.75
2022-11-11,,,,,,,,,,,,,,,,,,,22.675
2022-11-14,,,,,,,,,,,,,,,,,,,22.635
2022-11-15,,,,,,,,,,,,,,,,,,,22.695
2022-11-16,,,,,,,,,,,,,,,,,,,22.715
2022-11-17,,,,,,,,,,,,,,,,,,,22.67
2022-11-18,,,,,,,,,,,,,,,,,,,22.735
2022-11-21,,,,,,,,,,,,,,,,,,,22.745
2022-11-22,,,,,,,,,,,,,,,,,,,22.8
2022-11-23,,,,,,,,,,,,,,,,,,,22.84
2022-11-24,,,,,,,,,,,,,,,,,,,22.875
2022-11-25,,,,,,,,,,,,,,,,,,,22.79
2022-11-28,,,,,,,,,,,,,,,,,,,22.79
2022-11-29,,,,,,,,,,,,,,,,,,,22.78
2022-11-30,,,,,,,,,,,,,,,,,,,22.81
2022-12-01,,,,,,,,,,,,,,,,,,,22.96
2022-12-02,,,,,,,,,,,,,,,,,,,23.015
2022-12-05,,,,,,,,,,,,,,,,,,,23.01
2022-12-06,,,,,,,,,,,,,,,,,,,23.0
2022-12-07,,,,,,,,,,,,,,,,,,,23.0
2022-12-08,,,,,,,,,,,,,,,,,,,23.02
2022-12-09,,,,,,,,,,,,,,,,,,,22.97
2022-12-12,,,,,,,,,,,,,,,,,,,22.91
2022-12-13,,,,,,,,,,,,,,,,,,,22.9
2022-12-14,,,,,,,,,,,,,,,,,,,22.985
2022-12-15,,,,,,,,,,,,,,,,,,,22.955
2022-12-16,,,,,,,,,,,,,,,,,,,22.695
2022-12-19,,,,,,,,,,,,,,,,,,,22.685
2022-12-20,,,,,,,,,,,,,,,,,,,22.6
2022-12-21,,,,,,,,,,,,,,,,,,,22.645
2022-12-22,,,,,,,,,,,,,,,,,,,22.685
2022-12-23,,,,,,,,,,,,,,,,,,,22.66
2022-12-27,,,,,,,,,,,,,,,,,,,22.66
2022-12-28,,,,,,,,,,,,,,,,,,,22.57
2022-12-29,,,,,,,,,,,,,,,,,,,22.57
2022-12-30,,,,,,,,,,,,,,,,,,,22.61
2023-01-02,,,,,,,,,,,,,,,,,,,22.61
2023-01-03,,,,,,,,,,,,,,,,,,,22.635
2023-01-04,,,,,,,,,,,,,,,,,,,22.655
2023-01-05,,,,,,,,,,,,,,,,,,,22.69
2023-01-06,,,,,,,,,,,,,,,,,,,22.67
2023-01-09,,,,,,,,,,,,,,,,,,,22.76
2023-01-10,,,,,,,,,,,,,,,,,,,22.73
2023-01-11,,,,,,,,,,,,,,,,,,,22.78
2023-01-12,,,,,,,,,,,,,,,,,,,22.83
2023-01-13,,,,,,,,,,,,,,,,,,,22.875
2023-01-16,,,,,,,,,,,,,,,,,,,22.88
2023-01-17,,,,,,,,,,,,,,,,,,,22.855
2023-01-18,,,,,,,,,,,,,,,,,,,23.01
2023-01-19,,,,,,,,,,,,,,,,,,,23.04
2023-01-20,,,,,,,,,,,,,,,,,,,23.04
2023-01-23,,,,,,,,,,,,,,,,,,,23.06
2023-01-24,,,,,,,,,,,,,,,,,,,22.745
2023-01-25,,,,,,,,,,,,,,,,,,,22.95
2023-01-26,,,,,,,,,,,,,,,,,,,22.97
2023-01-27,,,,,,,,,,,,,,,,,,,22.92
2023-01-30,,,,,,,,,,,,,,,,,,,22.87
2023-01-31,,,,,,,,,,,,,,,,,,,22.83
2023-02-01,,,,,,,,,,,,,,,,,,,22.83
2023-02-02,,,,,,,,,,,,,,,,,,,23.16
2023-02-03,,,,,,,,,,,,,,,,,,,23.305
2023-02-06,,,,,,,,,,,,,,,,,,,23.005
2023-02-07,,,,,,,,,,,,,,,,,,,22.95
2023-02-08,,,,,,,,,,,,,,,,,,,22.75
2023-02-09,,,,,,,,,,,,,,,,,,,22.935
2023-02-10,,,,,,,,,,,,,,,,,,,23.035
2023-02-13,,,,,,,,,,,,,,,,,,,22.81
2023-02-14,,,,,,,,,,,,,,,,,,,22.835
2023-02-15,,,,,,,,,,,,,,,,,,,22.76
2023-02-16,,,,,,,,,,,,,,,,,,,22.76
2023-02-17,,,,,,,,,,,,,,,,,,,22.67
2023-02-20,,,,,,,,,,,,,,,,,,,23.1
2023-02-21,,,,,,,,,,,,,,,,,,,22.655
2023-02-22,,,,,,,,,,,,,,,,,,,22.63
2023-02-23,,,,,,,,,,,,,,,,,,,22.63
2023-02-24,,,,,,,,,,,,,,,,,,,22.725
2023-02-27,,,,,,,,,,,,,,,,,,,22.615
2023-02-28,,,,,,,,,,,,,,,,,,,22.47
2023-03-01,,,,,,,,,,,,,,,,,,,22.445
2023-03-02,,,,,,,,,,,,,,,,,,,22.36
2023-03-03,,,,,,,,,,,,,,,,,,,22.43
2023-03-06,,,,,,,,,,,,,,,,,,,22.43
2023-03-07,,,,,,,,,,,,,,,,,,,22.415
2023-03-08,,,,,,,,,,,,,,,,,,,22.39
2023-03-09,,,,,,,,,,,,,,,,,,,22.405
2023-03-10,,,,,,,,,,,,,,,,,,,22.52
2023-03-13,,,,,,,,,,,,,,,,,,,22.655
2023-03-14,,,,,,,,,,,,,,,,,,,22.655
2023-03-15,,,,,,,,,,,,,,,,,,,22.505
2023-03-16,,,,,,,,,,,,,,,,,,,22.645
2023-03-17,,,,,,,,,,,,,,,,,,,22.61
2023-03-20,,,,,,,,,,,,,,,,,,,22.6
2023-03-21,,,,,,,,,,,,,,,,,,,22.735
2023-03-22,,,,,,,,,,,,,,,,,,,22.64
2023-03-23,,,,,,,,,,,,,,,,,,,22.59
2023-03-24,,,,,,,,,,,,,,,,,,,22.79
2023-03-27,,,,,,,,,,,,,,,,,,,22.74
2023-03-28,,,,,,,,,,,,,,,,,,,22.74
2023-03-29,,,,,,,,,,,,,,,,,,,22.64
2023-03-30,,,,,,,,,,,,,,,,,,,22.64
2023-03-31,,,,,,,,,,,,,,,,,,,22.61
2023-04-03,,,,,,,,,,,,,,,,,,,22.715
2023-04-04,,,,,,,,,,,,,,,,,,,22.715
2023-04-05,,,,,,,,,,,,,,,,,,,22.775
2023-04-06,,,,,,,,,,,,,,,,,,,22.84
2023-04-11,,,,,,,,,,,,,,,,,,,22.81
2023-04-12,,,,,,,,,,,,,,,,,,,22.81
2023-04-13,,,,,,,,,,,,,,,,,,,22.81
2023-04-14,,,,,,,,,,,,,,,,,,,22.75
2023-04-17,,,,,,,,,,,,,,,,,,,22.725
2023-04-18,,,,,,,,,,,,,,,,,,,22.71
2023-04-19,,,,,,,,,,,,,,,,,,,22.7
2023-04-20,,,,,,,,,,,,,,,,,,,22.7
2023-04-21,,,,,,,,,,,,,,,,,,,22.7
2023-04-24,,,,,,,,,,,,,,,,,,,22.715
2023-04-25,,,,,,,,,,,,,,,,,,,22.715
2023-04-26,,,,,,,,,,,,,,,,,,,22.715
2023-04-27,,,,,,,,,,,,,,,,,,,22.725
2023-04-28,,,,,,,,,,,,,,,,,,,22.51
2023-05-02,,,,,,,,,,,,,,,,,,,22.66
2023-05-03,,,,,,,,,,,,,,,,,,,22.725
2023-05-04,,,,,,,,,,,,,,,,,,,22.7
2023-05-05,,,,,,,,,,,,,,,,,,,22.76
2023-05-08,,,,,,,,,,,,,,,,,,,22.745
2023-05-09,,,,,,,,,,,,,,,,,,,22.73
2023-05-10,,,,,,,,,,,,,,,,,,,22.655
2023-05-11,,,,,,,,,,,,,,,,,,,22.745
2023-05-12,,,,,,,,,,,,,,,,,,,22.745
2023-05-15,,,,,,,,,,,,,,,,,,,22.7
2023-05-16,,,,,,,,,,,,,,,,,,,22.65
2023-05-17,,,,,,,,,,,,,,,,,,,22.59
2023-05-18,,,,,,,,,,,,,,,,,,,22.55
2023-05-19,,,,,,,,,,,,,,,,,,,22.63
2023-05-22,,,,,,,,,,,,,,,,,,,22.575
2023-05-23,,,,,,,,,,,,,,,,,,,22.565
2023-05-24,,,,,,,,,,,,,,,,,,,22.555
2023-05-25,,,,,,,,,,,,,,,,,,,22.54
2023-05-26,,,,,,,,,,,,,,,,,,,22.535
2023-05-29,,,,,,,,,,,,,,,,,,,22.625
2023-05-30,,,,,,,,,,,,,,,,,,,22.685
2023-05-31,,,,,,,,,,,,,,,,,,,22.73
2023-06-01,,,,,,,,,,,,,,,,,,,22.765
2023-06-02,,,,,,,,,,,,,,,,,,,22.725
2023-06-05,,,,,,,,,,,,,,,,,,,22.68
2023-06-06,,,,,,,,,,,,,,,,,,,22.695
2023-06-07,,,,,,,,,,,,,,,,,,,22.65
2023-06-08,,,,,,,,,,,,,,,,,,,22.655
2023-06-09,,,,,,,,,,,,,,,,,,,22.71
2023-06-12,,,,,,,,,,,,,,,,,,,22.735
2023-06-13,,,,,,,,,,,,,,,,,,,22.675
2023-06-14,,,,,,,,,,,,,,,,,,,22.675
2023-06-15,,,,,,,,,,,,,,,,,,,22.585
2023-06-16,,,,,,,,,,,,,,,,,,,22.59
2023-06-19,,,,,,,,,,,,,,,,,,,22.595
2023-06-20,,,,,,,,,,,,,,,,,,,22.675
2023-06-21,,,,,,,,,,,,,,,,,,,22.675
2023-06-22,,,,,,,,,,,,,,,,,,,22.555
2023-06-23,,,,,,,,,,,,,,,,,,,22.67
2023-06-26,,,,,,,,,,,,,,,,,,,22.71
2023-06-27,,,,,,,,,,,,,,,,,,,22.625
2023-06-28,,,,,,,,,,,,,,,,,,,22.7
2023-06-29,,,,,,,,,,,,,,,,,,,22.62
2023-06-30,,,,,,,,,,,,,,,,,,,22.69
2023-07-03,,,,,,,,,,,,,,,,,,,22.64
2023-07-04,,,,,,,,,,,,,,,,,,,22.64
2023-07-05,,,,,,,,,,,,,,,,,,,22.645
2023-07-06,,,,,,,,,,,,,,,,,,,22.48
2023-07-07,,,,,,,,,,,,,,,,,,,22.53
2023-07-10,,,,,,,,,,,,,,,,,,,22.535
2023-07-11,,,,,,,,,,,,,,,,,,,22.55
2023-07-12,,,,,,,,,,,,,,,,,,,22.69
2023-07-13,,,,,,,,,,,,,,,,,,,22.775
2023-07-14,,,,,,,,,,,,,,,,,,,22.74
2023-07-17,,,,,,,,,,,,,,,,,,,22.73
2023-07-18,,,,,,,,,,,,,,,,,,,22.86
2023-07-19,,,,,,,,,,,,,,,,,,,22.805
2023-07-20,,,,,,,,,,,,,,,,,,,22.76
2023-07-21,,,,,,,,,,,,,,,,,,,22.795
2023-07-24,,,,,,,,,,,,,,,,,,,22.835
2023-07-25,,,,,,,,,,,,,,,,,,,22.83
2023-07-26,,,,,,,,,,,,,,,,,,,22.755
2023-07-27,,,,,,,,,,,,,,,,,,,22.845
2023-07-28,,,,,,,,,,,,,,,,,,,22.85
2023-07-31,,,,,,,,,,,,,,,,,,,22.87
2023-08-01,,,,,,,,,,,,,,,,,,,22.81
2023-08-02,,,,,,,,,,,,,,,,,,,22.845
2023-08-03,,,,,,,,,,,,,,,,,,,22.81
2023-08-04,,,,,,,,,,,,,,,,,,,22.83
2023-08-07,,,,,,,,,,,,,,,,,,,22.835
2023-08-08,,,,,,,,,,,,,,,,,,,22.9
2023-08-09,,,,,,,,,,,,,,,,,,,22.86
2023-08-10,,,,,,,,,,,,,,,,,,,22.845
2023-08-11,,,,,,,,,,,,,,,,,,,22.77
2023-08-14,,,,,,,,,,,,,,,,,,,22.77
2023-08-15,,,,,,,,,,,,,,,,,,,22.72
2023-08-16,,,,,,,,,,,,,,,,,,,22.76
2023-08-17,,,,,,,,,,,,,,,,,,,22.68
2023-08-18,,,,,,,,,,,,,,,,,,,22.75
2023-08-21,,,,,,,,,,,,,,,,,,,22.665
2023-08-22,,,,,,,,,,,,,,,,,,,22.715
2023-08-23,,,,,,,,,,,,,,,,,,,22.85
2023-08-24,,,,,,,,,,,,,,,,,,,22.82
2023-08-25,,,,,,,,,,,,,,,,,,,22.795
2023-08-28,,,,,,,,,,,,,,,,,,,22.825
2023-08-29,,,,,,,,,,,,,,,,,,,22.86
2023-08-30,,,,,,,,,,,,,,,,,,,22.82
2023-08-31,,,,,,,,,,,,,,,,,,,22.895
2023-09-01,,,,,,,,,,,,,,,,,,,22.845
2023-09-04,,,,,,,,,,,,,,,,,,,22.815
2023-09-05,,,,,,,,,,,,,,,,,,,22.81
2023-09-06,,,,,,,,,,,,,,,,,,,22.745
2023-09-07,,,,,,,,,,,,,,,,,,,22.8
2023-09-08,,,,,,,,,,,,,,,,,,,22.84
2023-09-11,,,,,,,,,,,,,,,,,,,22.825
2023-09-12,,,,,,,,,,,,,,,,,,,22.82
2023-09-13,,,,,,,,,,,,,,,,,,,22.795
2023-09-14,,,,,,,,,,,,,,,,,,,22.885
2023-09-15,,,,,,,,,,,,,,,,,,,22.815
2023-09-18,,,,,,,,,,,,,,,,,,,22.77
2023-09-19,,,,,,,,,,,,,,,,,,,22.76
2023-09-20,,,,,,,,,,,,,,,,,,,22.8
2023-09-21,,,,,,,,,,,,,,,,,,,22.735
2023-09-22,,,,,,,,,,,,,,,,,,,22.745
2023-09-25,,,,,,,,,,,,,,,,,,,22.73
2023-09-26,,,,,,,,,,,,,,,,,,,22.7
2023-09-27,,,,,,,,,,,,,,,,,,,22.67
2023-09-28,,,,,,,,,,,,,,,,,,,22.56
2023-09-29,,,,,,,,,,,,,,,,,,,22.735
2023-10-02,,,,,,,,,,,,,,,,,,,22.66
2023-10-03,,,,,,,,,,,,,,,,,,,22.615
2023-10-04,,,,,,,,,,,,,,,,,,,22.59
2023-10-05,,,,,,,,,,,,,,,,,,,22.64
2023-10-06,,,,,,,,,,,,,,,,,,,22.64
2023-10-09,,,,,,,,,,,,,,,,,,,22.725
2023-10-10,,,,,,,,,,,,,,,,,,,22.745
2023-10-11,,,,,,,,,,,,,,,,,,,22.775
2023-10-12,,,,,,,,,,,,,,,,,,,22.72
2023-10-13,,,,,,,,,,,,,,,,,,,22.755
2023-10-16,,,,,,,,,,,,,,,,,,,22.705
2023-10-17,,,,,,,,,,,,,,,,,,,22.625
2023-10-18,,,,,,,,,,,,,,,,,,,22.595
2023-10-19,,,,,,,,,,,,,,,,,,,22.57
2023-10-20,,,,,,,,,,,,,,,,,,,22.61
2023-10-23,,,,,,,,,,,,,,,,,,,22.64
2023-10-24,,,,,,,,,,,,,,,,,,,22.715
2023-10-25,,,,,,,,,,,,,,,,,,,22.675
2023-10-26,,,,,,,,,,,,,,,,,,,22.705
2023-10-27,,,,,,,,,,,,,,,,,,,22.73
2023-10-30,,,,,,,,,,,,,,,,,,,22.755
2023-10-31,,,,,,,,,,,,,,,,,,,22.81
2023-11-01,,,,,,,,,,,,,,,,,,,22.87
2023-11-02,,,,,,,,,,,,,,,,,,,22.945
2023-11-03,,,,,,,,,,,,,,,,,,,23.01
2023-11-06,,,,,,,,,,,,,,,,,,,22.9
2023-11-07,,,,,,,,,,,,,,,,,,,22.94
2023-11-08,,,,,,,,,,,,,,,,,,,22.985
2023-11-09,,,,,,,,,,,,,,,,,,,22.995
2023-11-10,,,,,,,,,,,,,,,,,,,22.925
2023-11-13,,,,,,,,,,,,,,,,,,,22.935
2023-11-14,,,,,,,,,,,,,,,,,,,23.11
2023-11-15,,,,,,,,,,,,,,,,,,,23.045
2023-11-16,,,,,,,,,,,,,,,,,,,23.085
2023-11-17,,,,,,,,,,,,,,,,,,,23.08
2023-11-20,,,,,,,,,,,,,,,,,,,23.06
2023-11-21,,,,,,,,,,,,,,,,,,,23.105
2023-11-22,,,,,,,,,,,,,,,,,,,23.09
2023-11-23,,,,,,,,,,,,,,,,,,,23.065
2023-11-24,,,,,,,,,,,,,,,,,,,23.055
2023-11-27,,,,,,,,,,,,,,,,,,,23.15
2023-11-28,,,,,,,,,,,,,,,,,,,23.215
2023-11-29,,,,,,,,,,,,,,,,,,,23.31
2023-11-30,,,,,,,,,,,,,,,,,,,23.305
2023-12-01,,,,,,,,,,,,,,,,,,,23.45
2023-12-04,,,,,,,,,,,,,,,,,,,23.44
2023-12-05,,,,,,,,,,,,,,,,,,,23.52
2023-12-06,,,,,,,,,,,,,,,,,,,23.54
2023-12-07,,,,,,,,,,,,,,,,,,,23.54
2023-12-08,,,,,,,,,,,,,,,,,,,23.465
2023-12-11,,,,,,,,,,,,,,,,,,,23.485
2023-12-12,,,,,,,,,,,,,,,,,,,23.515
2023-12-13,,,,,,,,,,,,,,,,,,,23.58
2023-12-14,,,,,,,,,,,,,,,,,,,23.715
2023-12-15,,,,,,,,,,,,,,,,,,,23.8
2023-12-18,,,,,,,,,,,,,,,,,,,23.72
2023-12-19,,,,,,,,,,,,,,,,,,,23.785
2023-12-20,,,,,,,,,,,,,,,,,,,23.825
2023-12-21,,,,,,,,,,,,,,,,,,,23.86
2023-12-22,,,,,,,,,,,,,,,,,,,23.88
2023-12-27,,,,,,,,,,,,,,,,,,,23.925
2023-12-28,,,,,,,,,,,,,,,,,,,23.92
2023-12-29,,,,,,,,,,,,,,,,,,,23.865
2024-01-02,,,,,,,,,,,,,,,,,,,23.79
2024-01-03,,,,,,,,,,,,,,,,,,,23.755
2024-01-04,,,,,,,,,,,,,,,,,,,23.67
2024-01-05,,,,,,,,,,,,,,,,,,,23.645
2024-01-08,,,,,,,,,,,,,,,,,,,23.69
2024-01-09,,,,,,,,,,,,,,,,,,,23.655
2024-01-10,,,,,,,,,,,,,,,,,,,23.645
2024-01-11,,,,,,,,,,,,,,,,,,,23.665
2024-01-12,,,,,,,,,,,,,,,,,,,23.765
2024-01-15,,,,,,,,,,,,,,,,,,,23.695
2024-01-16,,,,,,,,,,,,,,,,,,,23.695
2024-01-17,,,,,,,,,,,,,,,,,,,23.58
2024-01-18,,,,,,,,,,,,,,,,,,,23.61
2024-01-19,,,,,,,,,,,,,,,,,,,23.615
2024-01-22,,,,,,,,,,,,,,,,,,,23.67
2024-01-23,,,,,,,,,,,,,,,,,,,23.615
2024-01-24,,,,,,,,,,,,,,,,,,,23.655
2024-01-25,,,,,,,,,,,,,,,,,,,23.74
2024-01-26,,,,,,,,,,,,,,,,,,,23.74
2024-01-29,,,,,,,,,,,,,,,,,,,23.805
2024-01-30,,,,,,,,,,,,,,,,,,,23.745
2024-01-31,,,,,,,,,,,,,,,,,,,23.865
2024-02-01,,,,,,,,,,,,,,,,,,,23.845
2024-02-02,,,,,,,,,,,,,,,,,,,23.745
2024-02-05,,,,,,,,,,,,,,,,,,,23.67
2024-02-06,,,,,,,,,,,,,,,,,,,23.72
2024-02-07,,,,,,,,,,,,,,,,,,,23.695
2024-02-08,,,,,,,,,,,,,,,,,,,23.635
2024-02-09,,,,,,,,,,,,,,,,,,,23.63
2024-02-12,,,,,,,,,,,,,,,,,,,23.675
2024-02-13,,,,,,,,,,,,,,,,,,,23.61
2024-02-14,,,,,,,,,,,,,,,,,,,23.665
2024-02-15,,,,,,,,,,,,,,,,,,,23.685
2024-02-16,,,,,,,,,,,,,,,,,,,23.63
2024-02-19,,,,,,,,,,,,,,,,,,,23.595
2024-02-20,,,,,,,,,,,,,,,,,,,23.685
2024-02-21,,,,,,,,,,,,,,,,,,,23.635
2024-02-22,,,,,,,,,,,,,,,,,,,23.66
2024-02-23,,,,,,,,,,,,,,,,,,,23.705
2024-02-26,,,,,,,,,,,,,,,,,,,23.645
2024-02-27,,,,,,,,,,,,,,,,,,,23.585
2024-02-28,,,,,,,,,,,,,,,,,,,23.57
2024-02-29,,,,,,,,,,,,,,,,,,,23.66
2024-03-01,,,,,,,,,,,,,,,,,,,23.655
2024-03-04,,,,,,,,,,,,,,,,,,,23.685
2024-03-05,,,,,,,,,,,,,,,,,,,23.73
2024-03-06,,,,,,,,,,,,,,,,,,,23.715
2024-03-07,,,,,,,,,,,,,,,,,,,23.795
2024-03-08,,,,,,,,,,,,,,,,,,,23.855
2024-03-11,,,,,,,,,,,,,,,,,,,23.82
2024-03-12,,,,,,,,,,,,,,,,,,,23.825
2024-03-13,,,,,,,,,,,,,,,,,,,23.825
2024-03-14,,,,,,,,,,,,,,,,,,,23.775
2024-03-15,,,,,,,,,,,,,,,,,,,23.745
2024-03-18,,,,,,,,,,,,,,,,,,,23.745
2024-03-19,,,,,,,,,,,,,,,,,,,23.765
2024-03-20,,,,,,,,,,,,,,,,,,,23.58
2024-03-21,,,,,,,,,,,,,,,,,,,23.85
2024-03-22,,,,,,,,,,,,,,,,,,,23.9
2024-03-25,,,,,,,,,,,,,,,,,,,23.835
2024-03-26,,,,,,,,,,,,,,,,,,,23.895
2024-03-27,,,,,,,,,,,,,,,,,,,23.93
2024-03-28,,,,,,,,,,,,,,,,,,,23.945
2024-04-02,,,,,,,,,,,,,,,,,,,23.83
2024-04-03,,,,,,,,,,,,,,,,,,,23.91
2024-04-04,,,,,,,,,,,,,,,,,,,23.91
2024-04-05,,,,,,,,,,,,,,,,,,,23.87
2024-04-08,,,,,,,,,,,,,,,,,,,23.855
2024-04-09,,,,,,,,,,,,,,,,,,,23.9
2024-04-10,,,,,,,,,,,,,,,,,,,23.815
2024-04-11,,,,,,,,,,,,,,,,,,,23.765
2024-04-12,,,,,,,,,,,,,,,,,,,23.865
2024-04-15,,,,,,,,,,,,,,,,,,,23.74
2024-04-16,,,,,,,,,,,,,,,,,,,23.715
2024-04-17,,,,,,,,,,,,,,,,,,,23.785
2024-04-18,,,,,,,,,,,,,,,,,,,23.77
2024-04-19,,,,,,,,,,,,,,,,,,,23.755
2024-04-22,,,,,,,,,,,,,,,,,,,23.81
2024-04-23,,,,,,,,,,,,,,,,,,,23.815
2024-04-24,,,,,,,,,,,,,,,,,,,23.715
2024-04-25,,,,,,,,,,,,,,,,,,,23.685
2024-04-26,,,,,,,,,,,,,,,,,,,23.755
2024-04-29,,,,,,,,,,,,,,,,,,,22.91
2024-04-30,,,,,,,,,,,,,,,,,,,22.82
2024-05-02,,,,,,,,,,,,,,,,,,,22.88
2024-05-03,,,,,,,,,,,,,,,,,,,22.94
2024-05-06,,,,,,,,,,,,,,,,,,,22.965
2024-05-07,,,,,,,,,,,,,,,,,,,23.0
2024-05-08,,,,,,,,,,,,,,,,,,,22.985
2024-05-09,,,,,,,,,,,,,,,,,,,22.95
2024-05-10,,,,,,,,,,,,,,,,,,,22.935
2024-05-13,,,,,,,,,,,,,,,,,,,22.935
2024-05-14,,,,,,,,,,,,,,,,,,,22.915
2024-05-15,,,,,,,,,,,,,,,,,,,23.01
2024-05-16,,,,,,,,,,,,,,,,,,,23.01
2024-05-17,,,,,,,,,,,,,,,,,,,22.965
2024-05-20,,,,,,,,,,,,,,,,,,,22.955
2024-05-21,,,,,,,,,,,,,,,,,,,22.965
2024-05-22,,,,,,,,,,,,,,,,,,,22.955
2024-05-23,,,,,,,,,,,,,,,,,,,22.905
2024-05-24,,,,,,,,,,,,,,,,,,,22.9
2024-05-27,,,,,,,,,,,,,,,,,,,22.95
2024-05-28,,,,,,,,,,,,,,,,,,,22.915
2024-05-29,,,,,,,,,,,,,,,,,,,22.875
2024-05-30,,,,,,,,,,,,,,,,,,,22.895
2024-05-31,,,,,,,,,,,,,,,,,,,22.89
2024-06-03,,,,,,,,,,,,,,,,,,,22.95
2024-06-04,,,,,,,,,,,,,,,,,,,23.045
2024-06-05,,,,,,,,,,,,,,,,,,,23.025
2024-06-06,,,,,,,,,,,,,,,,,,,23.005
2024-06-07,,,,,,,,,,,,,,,,,,,22.955
2024-06-10,,,,,,,,,,,,,,,,,,,22.905
2024-06-11,,,,,,,,,,,,,,,,,,,22.94
2024-06-12,,,,,,,,,,,,,,,,,,,23.025
2024-06-13,,,,,,,,,,,,,,,,,,,23.03
2024-06-14,,,,,,,,,,,,,,,,,,,23.05
2024-06-17,,,,,,,,,,,,,,,,,,,23.05
2024-06-18,,,,,,,,,,,,,,,,,,,23.075
2024-06-19,,,,,,,,,,,,,,,,,,,23.055
2024-06-20,,,,,,,,,,,,,,,,,,,23.055
2024-06-21,,,,,,,,,,,,,,,,,,,23.085
2024-06-24,,,,,,,,,,,,,,,,,,,23.09
2024-06-25,,,,,,,,,,,,,,,,,,,23.115
2024-06-26,,,,,,,,,,,,,,,,,,,23.125
2024-06-27,,,,,,,,,,,,,,,,,,,23.23
2024-06-28,,,,,,,,,,,,,,,,,,,23.08
2024-07-01,,,,,,,,,,,,,,,,,,,23.04
2024-07-02,,,,,,,,,,,,,,,,,,,22.995
2024-07-03,,,,,,,,,,,,,,,,,,,23.095
2024-07-04,,,,,,,,,,,,,,,,,,,22.99
2024-07-05,,,,,,,,,,,,,,,,,,,23.115
2024-07-08,,,,,,,,,,,,,,,,,,,23.15
2024-07-09,,,,,,,,,,,,,,,,,,,23.07
2024-07-10,,,,,,,,,,,,,,,,,,,23.14
2024-07-11,,,,,,,,,,,,,,,,,,,23.2
2024-07-12,,,,,,,,,,,,,,,,,,,23.21
2024-07-15,,,,,,,,,,,,,,,,,,,23.215
2024-07-16,,,,,,,,,,,,,,,,,,,23.24
2024-07-17,,,,,,,,,,,,,,,,,,,23.24
2024-07-18,,,,,,,,,,,,,,,,,,,23.27
2024-07-19,,,,,,,,,,,,,,,,,,,23.265
2024-07-22,,,,,,,,,,,,,,,,,,,23.25
2024-07-23,,,,,,,,,,,,,,,,,,,23.28
2024-07-24,,,,,,,,,,,,,,,,,,,23.255
2024-07-25,,,,,,,,,,,,,,,,,,,23.315
2024-07-26,,,,,,,,,,,,,,,,,,,23.335
2024-07-29,,,,,,,,,,,,,,,,,,,23.415
2024-07-30,,,,,,,,,,,,,,,,,,,23.48
2024-07-31,,,,,,,,,,,,,,,,,,,23.41
2024-08-01,,,,,,,,,,,,,,,,,,,23.435
2024-08-02,,,,,,,,,,,,,,,,,,,23.445
2024-08-05,,,,,,,,,,,,,,,,,,,23.435
2024-08-06,0.0,0.0,0.0,0.0,0.0,0.0,0.0,0.0,0.0,0.0,0.0,0.0,300.0,7032.0,0.01,0.0,0.0,0.0,23.44
2024-08-07,,,,,,,,,,,,,,,,,,,23.415
2024-08-08,,,,,,,,,,,,,,,,,,,23.41
2024-08-09,,,,,,,,,,,,,,,,,,,23.41
2024-08-12,,,,,,,,,,,,,,,,,,,23.43
2024-08-13,,,,,,,,,,,,,,,,,,,23.43
2024-08-14,,,,,,,,,,,,,,,,,,,23.485
2024-08-15,,,,,,,,,,,,,,,,,,,23.46
2024-08-16,,,,,,,,,,,,,,,,,,,23.465
2024-08-19,,,,,,,,,,,,,,,,,,,23.47
2024-08-20,,,,,,,,,,,,,,,,,,,23.505
2024-08-21,,,,,,,,,,,,,,,,,,,23.495
2024-08-22,,,,,,,,,,,,,,,,,,,23.49
2024-08-23,,,,,,,,,,,,,,,,,,,23.525
2024-08-26,,,,,,,,,,,,,,,,,,,23.565
2024-08-27,,,,,,,,,,,,,,,,,,,23.49
2024-08-28,,,,,,,,,,,,,,,,,,,23.5
2024-08-29,,,,,,,,,,,,,,,,,,,23.635
2024-08-30,,,,,,,,,,,,,,,,,,,23.505
2024-09-02,,,,,,,,,,,,,,,,,,,23.47
2024-09-03,,,,,,,,,,,,,,,,,,,23.515
2024-09-04,,,,,,,,,,,,,,,,,,,23.525
2024-09-05,,,,,,,,,,,,,,,,,,,23.565
2024-09-06,,,,,,,,,,,,,,,,,,,23.61
2024-09-09,,,,,,,,,,,,,,,,,,,23.535
2024-09-10,,,,,,,,,,,,,,,,,,,23.63
2024-09-11,,,,,,,,,,,,,,,,,,,23.63
2024-09-12,,,,,,,,,,,,,,,,,,,23.62
2024-09-13,,,,,,,,,,,,,,,,,,,23.655
2024-09-16,,,,,,,,,,,,,,,,,,,23.665
2024-09-17,,,,,,,,,,,,,,,,,,,23.655
2024-09-18,,,,,,,,,,,,,,,,,,,23.635
2024-09-19,,,,,,,,,,,,,,,,,,,23.68
2024-09-20,,,,,,,,,,,,,,,,,,,23.52
2024-09-23,,,,,,,,,,,,,,,,,,,23.7
2024-09-24,,,,,,,,,,,,,,,,,,,23.725
2024-09-25,,,,,,,,,,,,,,,,,,,23.705
2024-09-26,,,,,,,,,,,,,,,,,,,23.7
2024-09-27,,,,,,,,,,,,,,,,,,,23.76
2024-09-30,,,,,,,,,,,,,,,,,,,23.77
2024-10-01,,,,,,,,,,,,,,,,,,,23.815
2024-10-02,,,,,,,,,,,,,,,,,,,23.72
2024-10-03,,,,,,,,,,,,,,,,,,,23.8
2024-10-04,,,,,,,,,,,,,,,,,,,23.765
2024-10-07,,,,,,,,,,,,,,,,,,,23.73
2024-10-08,,,,,,,,,,,,,,,,,,,23.705
2024-10-09,,,,,,,,,,,,,,,,,,,23.705
2024-10-10,,,,,,,,,,,,,,,,,,,23.71
2024-10-11,,,,,,,,,,,,,,,,,,,23.715
2024-10-14,,,,,,,,,,,,,,,,,,,23.735
2024-10-15,,,,,,,,,,,,,,,,,,,23.755
2024-10-16,,,,,,,,,,,,,,,,,,,23.81
2024-10-17,,,,,,,,,,,,,,,,,,,23.815
2024-10-18,,,,,,,,,,,,,,,,,,,23.755
2024-10-21,,,,,,,,,,,,,,,,,,,23.8
2024-10-22,,,,,,,,,,,,,,,,,,,23.86
2024-10-23,,,,,,,,,,,,,,,,,,,23.785
2024-10-24,,,,,,,,,,,,,,,,,,,23.83
2024-10-25,,,,,,,,,,,,,,,,,,,23.82
2024-10-28,,,,,,,,,,,,,,,,,,,23.78
2024-10-29,,,,,,,,,,,,,,,,,,,23.79
2024-10-30,,,,,,,,,,,,,,,,,,,23.72
2024-10-31,,,,,,,,,,,,,,,,,,,23.7
2024-11-01,,,,,,,,,,,,,,,,,,,23.685
2024-11-04,,,,,,,,,,,,,,,,,,,23.725
2024-11-05,,,,,,,,,,,,,,,,,,,23.695
2024-11-06,,,,,,,,,,,,,,,,,,,23.76
2024-11-07,,,,,,,,,,,,,,,,,,,23.775
2024-11-08,,,,,,,,,,,,,,,,,,,23.81
2024-11-11,,,,,,,,,,,,,,,,,,,23.71
2024-11-12,,,,,,,,,,,,,,,,,,,23.76
2024-11-13,,,,,,,,,,,,,,,,,,,23.79
2024-11-14,,,,,,,,,,,,,,,,,,,23.865
2024-11-15,,,,,,,,,,,,,,,,,,,23.845
2024-11-18,,,,,,,,,,,,,,,,,,,23.825
2024-11-19,,,,,,,,,,,,,,,,,,,23.82
2024-11-20,,,,,,,,,,,,,,,,,,,23.82
2024-11-21,,,,,,,,,,,,,,,,,,,23.84
2024-11-22,,,,,,,,,,,,,,,,,,,23.87
2024-11-25,,,,,,,,,,,,,,,,,,,23.935
2024-11-26,,,,,,,,,,,,,,,,,,,23.925
2024-11-27,,,,,,,,,,,,,,,,,,,23.945
2024-11-28,,,,,,,,,,,,,,,,,,,24.005
2024-11-29,,,,,,,,,,,,,,,,,,,24.035
2024-12-02,,,,,,,,,,,,,,,,,,,24.035
2024-12-03,,,,,,,,,,,,,,,,,,,24.03
2024-12-04,,,,,,,,,,,,,,,,,,,24.035
2024-12-05,,,,,,,,,,,,,,,,,,,23.85
2024-12-06,,,,,,,,,,,,,,,,,,,24.105
2024-12-09,,,,,,,,,,,,,,,,,,,24.035
2024-12-10,,,,,,,,,,,,,,,,,,,24.05
2024-12-11,,,,,,,,,,,,,,,,,,,24.035
2024-12-12,,,,,,,,,,,,,,,,,,,24.02
2024-12-13,,,,,,,,,,,,,,,,,,,23.965
2024-12-16,,,,,,,,,,,,,,,,,,,23.965
2024-12-17,,,,,,,,,,,,,,,,,,,23.96
2024-12-18,,,,,,,,,,,,,,,,,,,23.945
2024-12-19,,,,,,,,,,,,,,,,,,,23.89
2024-12-20,,,,,,,,,,,,,,,,,,,23.905
2024-12-23,,,,,,,,,,,,,,,,,,,23.96
2024-12-24,,,,,,,,,,,,,,,,,,,23.905
2024-12-27,,,,,,,,,,,,,,,,,,,23.905
2024-12-30,,,,,,,,,,,,,,,,,,,23.925
2024-12-31,,,,,,,,,,,,,,,,,,,23.925
2025-01-02,,,,,,,,,,,,,,,,,,,23.91
2025-01-03,,,,,,,,,,,,,,,,,,,23.85
2025-01-06,,,,,,,,,,,,,,,,,,,23.83
2025-01-07,,,,,,,,,,,,,,,,,,,23.79
2025-01-08,,,,,,,,,,,,,,,,,,,23.78
2025-01-09,,,,,,,,,,,,,,,,,,,23.78
2025-01-10,,,,,,,,,,,,,,,,,,,23.74
2025-01-13,,,,,,,,,,,,,,,,,,,23.705
2025-01-14,,,,,,,,,,,,,,,,,,,23.72
2025-01-15,,,,,,,,,,,,,,,,,,,23.765
2025-01-16,,,,,,,,,,,,,,,,,,,23.79
2025-01-17,,,,,,,,,,,,,,,,,,,23.815
2025-01-20,,,,,,,,,,,,,,,,,,,23.86
2025-01-21,,,,,,,,,,,,,,,,,,,23.93
2025-01-22,,,,,,,,,,,,,,,,,,,23.855
2025-01-23,,,,,,,,,,,,,,,,,,,23.85
2025-01-24,,,,,,,,,,,,,,,,,,,23.81
2025-01-27,,,,,,,,,,,,,,,,,,,23.82
2025-01-28,,,,,,,,,,,,,,,,,,,23.84
2025-01-29,,,,,,,,,,,,,,,,,,,23.845
2025-01-30,,,,,,,,,,,,,,,,,,,23.915
2025-01-31,,,,,,,,,,,,,,,,,,,23.985
2025-02-03,,,,,,,,,,,,,,,,,,,24.04
2025-02-04,,,,,,,,,,,,,,,,,,,23.965
2025-02-05,,,,,,,,,,,,,,,,,,,24.085
2025-02-06,,,,,,,,,,,,,,,,,,,24.085
2025-02-07,,,,,,,,,,,,,,,,,,,24.06
2025-02-10,,,,,,,,,,,,,,,,,,,24.065
2025-02-11,,,,,,,,,,,,,,,,,,,23.99
2025-02-12,,,,,,,,,,,,,,,,,,,24.035
2025-02-13,,,,,,,,,,,,,,,,,,,24.09
2025-02-14,,,,,,,,,,,,,,,,,,,23.935
2025-02-17,,,,,,,,,,,,,,,,,,,24.055
2025-02-18,,,,,,,,,,,,,,,,,,,24.065
2025-02-19,,,,,,,,,,,,,,,,,,,23.97
2025-02-20,,,,,,,,,,,,,,,,,,,24.055
2025-02-21,,,,,,,,,,,,,,,,,,,24.105
2025-02-24,,,,,,,,,,,,,,,,,,,24.125
2025-02-25,,,,,,,,,,,,,,,,,,,24.115
2025-02-26,,,,,,,,,,,,,,,,,,,24.145
2025-02-27,,,,,,,,,,,,,,,,,,,24.165
2025-02-28,,,,,,,,,,,,,,,,,,,24.18
2025-03-03,,,,,,,,,,,,,,,,,,,24.145
2025-03-04,,,,,,,,,,,,,,,,,,,24.125
2025-03-05,,,,,,,,,,,,,,,,,,,23.99
2025-03-06,,,,,,,,,,,,,,,,,,,23.89
2025-03-07,,,,,,,,,,,,,,,,,,,23.92
2025-03-10,,,,,,,,,,,,,,,,,,,23.96
2025-03-11,,,,,,,,,,,,,,,,,,,23.87
2025-03-12,,,,,,,,,,,,,,,,,,,23.89
2025-03-13,,,,,,,,,,,,,,,,,,,23.785
2025-03-14,,,,,,,,,,,,,,,,,,,23.885
2025-03-17,,,,,,,,,,,,,,,,,,,23.97
2025-03-18,,,,,,,,,,,,,,,,,,,23.895
2025-03-19,,,,,,,,,,,,,,,,,,,23.92
2025-03-20,,,,,,,,,,,,,,,,,,,23.945
2025-03-21,,,,,,,,,,,,,,,,,,,23.95
2025-03-24,,,,,,,,,,,,,,,,,,,23.95
2025-03-25,,,,,,,,,,,,,,,,,,,23.945
2025-03-26,,,,,,,,,,,,,,,,,,,23.965
2025-03-27,,,,,,,,,,,,,,,,,,,23.965
2025-03-28,,,,,,,,,,,,,,,,,,,24.0
2025-03-31,,,,,,,,,,,,,,,,,,,23.98
2025-04-01,,,,,,,,,,,,,,,,,,,24.035
2025-04-02,,,,,,,,,,,,,,,,,,,24.025
2025-04-03,,,,,,,,,,,,,,,,,,,24.055
2025-04-04,,,,,,,,,,,,,,,,,,,23.98
2025-04-07,,,,,,,,,,,,,,,,,,,23.945
2025-04-08,,,,,,,,,,,,,,,,,,,23.95
2025-04-09,,,,,,,,,,,,,,,,,,,23.88
2025-04-10,,,,,,,,,,,,,,,,,,,23.95
2025-04-11,,,,,,,,,,,,,,,,,,,23.95
2025-04-14,,,,,,,,,,,,,,,,,,,24.04
2025-04-15,,,,,,,,,,,,,,,,,,,24.05
2025-04-16,,,,,,,,,,,,,,,,,,,24.085
2025-04-17,,,,,,,,,,,,,,,,,,,24.155
2025-04-22,,,,,,,,,,,,,,,,,,,24.175
2025-04-23,,,,,,,,,,,,,,,,,,,24.2
2025-04-24,,,,,,,,,,,,,,,,,,,24.27
2025-04-25,,,,,,,,,,,,,,,,,,,24.39
2025-04-28,,,,,,,,,,,,,,,,,,,24.34
2025-04-29,,,,,,,,,,,,,,,,,,,24.215
2025-04-30,,,,,,,,,,,,,,,,,,,23.77
2025-05-02,,,,,,,,,,,,,,,,,,,23.78
2025-05-05,,,,,,,,,,,,,,,,,,,23.85
2025-05-06,,,,,,,,,,,,,,,,,,,23.76
2025-05-07,,,,,,,,,,,,,,,,,,,23.795
2025-05-08,,,,,,,,,,,,,,,,,,,23.82
2025-05-09,,,,,,,,,,,,,,,,,,,23.83
2025-05-12,,,,,,,,,,,,,,,,,,,23.665
2025-05-13,,,,,,,,,,,,,,,,,,,23.705
2025-05-14,,,,,,,,,,,,,,,,,,,23.585
2025-05-15,,,,,,,,,,,,,,,,,,,23.76
2025-05-16,,,,,,,,,,,,,,,,,,,23.81
2025-05-19,,,,,,,,,,,,,,,,,,,23.83
2025-05-20,,,,,,,,,,,,,,,,,,,23.82
2025-05-21,,,,,,,,,,,,,,,,,,,23.8
2025-05-22,,,,,,,,,,,,,,,,,,,23.785
2025-05-23,,,,,,,,,,,,,,,,,,,23.82
2025-05-26,,,,,,,,,,,,,,,,,,,23.86
2025-05-27,,,,,,,,,,,,,,,,,,,23.88
2025-05-28,,,,,,,,,,,,,,,,,,,23.875
2025-05-29,,,,,,,,,,,,,,,,,,,23.905
2025-05-30,,,,,,,,,,,,,,,,,,,23.92
2025-06-02,,,,,,,,,,,,,,,,,,,23.91
2025-06-03,,,,,,,,,,,,,,,,,,,23.94
2025-06-04,,,,,,,,,,,,,,,,,,,23.955
2025-06-05,,,,,,,,,,,,,,,,,,,23.9
2025-06-06,,,,,,,,,,,,,,,,,,,24.06
2025-06-09,,,,,,,,,,,,,,,,,,,23.915
2025-06-10,,,,,,,,,,,,,,,,,,,23.95
2025-06-11,,,,,,,,,,,,,,,,,,,23.96
2025-06-12,,,,,,,,,,,,,,,,,,,23.98
2025-06-13,,,,,,,,,,,,,,,,,,,23.955
2025-06-16,,,,,,,,,,,,,,,,,,,23.965
2025-06-17,,,,,,,,,,,,,,,,,,,23.96
2025-06-18,,,,,,,,,,,,,,,,,,,23.955
2025-06-19,,,,,,,,,,,,,,,,,,,23.94
2025-06-20,,,,,,,,,,,,,,,,,,,23.955
2025-06-23,,,,,,,,,,,,,,,,,,,23.96
2025-06-24,,,,,,,,,,,,,,,,,,,23.98
2025-06-25,,,,,,,,,,,,,,,,,,,23.955
2025-06-26,,,,,,,,,,,,,,,,,,,23.96
2025-06-27,,,,,,,,,,,,,,,,,,,23.965
2025-06-30,,,,,,,,,,,,,,,,,,,23.975
2025-07-01,,,,,,,,,,,,,,,,,,,24.02
2025-07-02,,,,,,,,,,,,,,,,,,,24.025
2025-07-03,,,,,,,,,,,,,,,,,,,24.05
2025-07-04,,,,,,,,,,,,,,,,,,,24.085
2025-07-07,,,,,,,,,,,,,,,,,,,24.045
2025-07-08,,,,,,,,,,,,,,,,,,,24.035
2025-07-09,,,,,,,,,,,,,,,,,,,24.04
2025-07-10,,,,,,,,,,,,,,,,,,,24.025
2025-07-11,,,,,,,,,,,,,,,,,,,23.995
2025-07-14,,,,,,,,,,,,,,,,,,,23.99
2025-07-15,,,,,,,,,,,,,,,,,,,24.01
2025-07-16,,,,,,,,,,,,,,,,,,,24.035
2025-07-17,,,,,,,,,,,,,,,,,,,24.055
2025-07-18,,,,,,,,,,,,,,,,,,,24.04
2025-07-21,,,,,,,,,,,,,,,,,,,24.08
2025-07-22,,,,,,,,,,,,,,,,,,,24.11
2025-07-23,,,,,,,,,,,,,,,,,,,24.17
2025-07-24,,,,,,,,,,,,,,,,,,,24.2
2025-07-25,,,,,,,,,,,,,,,,,,,24.045
2025-07-28,,,,,,,,,,,,,,,,,,,24.05
2025-07-29,,,,,,,,,,,,,,,,,,,24.07
2025-07-30,,,,,,,,,,,,,,,,,,,24.035
2025-07-31,,,,,,,,,,,,,,,,,,,23.99
2025-08-01,,,,,,,,,,,,,,,,,,,24.04
2025-08-04,,,,,,,,,,,,,,,,,,,24.09
2025-08-05,,,,,,,,,,,,,,,,,,,24.055
2025-08-06,,,,,,,,,,,,,,,,,,,24.11
2025-08-07,,,,,,,,,,,,,,,,,,,24.115
2025-08-08,,,,,,,,,,,,,,,,,,,24.095
2025-08-11,,,,,,,,,,,,,,,,,,,24.05
2025-08-12,,,,,,,,,,,,,,,,,,,24.05
2025-08-13,,,,,,,,,,,,,,,,,,,24.1
2025-08-14,,,,,,,,,,,,,,,,,,,24.185
2025-08-15,,,,,,,,,,,,,,,,,,,24.065
2025-08-18,,,,,,,,,,,,,,,,,,,24.05
2025-08-19,,,,,,,,,,,,,,,,,,,24.07
2025-08-20,,,,,,,,,,,,,,,,,,,24.08
2025-08-21,,,,,,,,,,,,,,,,,,,24.06
2025-08-22,,,,,,,,,,,,,,,,,,,24.165
2025-08-25,,,,,,,,,,,,,,,,,,,24.055
2025-08-26,,,,,,,,,,,,,,,,,,,24.06
2025-08-27,,,,,,,,,,,,,,,,,,,24.08
2025-08-28,,,,,,,,,,,,,,,,,,,24.085
2025-08-29,,,,,,,,,,,,,,,,,,,24.085
